ID,Subject
test_0001,Gaming
test_0002,Pop Culture
test_0003,Computer Sciences
test_0004,Geography
test_0005,Pop Culture
test_0006,Gaming
test_0007,Natural Sciences
test_0008,History
test_0009,Pop Culture
test_0010,Sports
test_0011,Natural Sciences
test_0012,Sports
test_0013,History
test_0014,Pop Culture
test_0015,Sports
test_0016,Gaming
test_0017,Gaming
test_0018,Gaming
test_0019,Sports
test_0020,Pop Culture
test_0021,Sports
test_0022,Geography
test_0023,Geography
test_0024,History
test_0025,Sports
test_0026,Computer Sciences
test_0027,Sports
test_0028,Pop Culture
test_0029,Natural Sciences
test_0030,Computer Sciences
test_0031,Sports
test_0032,Natural Sciences
test_0033,Geography
test_0034,Computer Sciences
test_0035,Computer Sciences
test_0036,Gaming
test_0037,Computer Sciences
test_0038,Sports
test_0039,Computer Sciences
test_0040,Pop Culture
test_0041,History
test_0042,Computer Sciences
test_0043,Sports
test_0044,Geography
test_0045,Sports
test_0046,History
test_0047,History
test_0048,Computer Sciences
test_0049,Sports
test_0050,Sports
test_0051,Sports
test_0052,Computer Sciences
test_0053,Gaming
test_0054,Geography
test_0055,Computer Sciences
test_0056,Natural Sciences
test_0057,History
test_0058,Sports
test_0059,Geography
test_0060,History
test_0061,History
test_0062,Gaming
test_0063,Pop Culture
test_0064,Computer Sciences
test_0065,Geography
test_0066,Natural Sciences
test_0067,Natural Sciences
test_0068,Natural Sciences
test_0069,Computer Sciences
test_0070,Pop Culture
test_0071,Natural Sciences
test_0072,Geography
test_0073,Natural Sciences
test_0074,Natural Sciences
test_0075,Gaming
test_0076,Sports
test_0077,Pop Culture
test_0078,History
test_0079,Computer Sciences
test_0080,Sports
test_0081,Sports
test_0082,Pop Culture
test_0083,Sports
test_0084,History
test_0085,Natural Sciences
test_0086,Computer Sciences
test_0087,Computer Sciences
test_0088,Pop Culture
test_0089,Sports
test_0090,Sports
test_0091,Pop Culture
test_0092,Sports
test_0093,Pop Culture
test_0094,History
test_0095,Gaming
test_0096,Gaming
test_0097,Computer Sciences
test_0098,Geography
test_0099,Sports
test_0100,Natural Sciences
test_0101,Pop Culture
test_0102,Sports
test_0103,Sports
test_0104,Computer Sciences
test_0105,Gaming
test_0106,Sports
test_0107,Natural Sciences
test_0108,Pop Culture
test_0109,Natural Sciences
test_0110,Geography
test_0111,History
test_0112,Sports
test_0113,Computer Sciences
test_0114,History
test_0115,Gaming
test_0116,Natural Sciences
test_0117,Pop Culture
test_0118,Sports
test_0119,Pop Culture
test_0120,Computer Sciences
test_0121,Gaming
test_0122,Natural Sciences
test_0123,Computer Sciences
test_0124,Computer Sciences
test_0125,Sports
test_0126,Natural Sciences
test_0127,Computer Sciences
test_0128,Geography
test_0129,Sports
test_0130,Sports
test_0131,Geography
test_0132,Natural Sciences
test_0133,Gaming
test_0134,History
test_0135,Pop Culture
test_0136,Geography
test_0137,Pop Culture
test_0138,Natural Sciences
test_0139,Computer Sciences
test_0140,Sports
test_0141,Pop Culture
test_0142,Sports
test_0143,Computer Sciences
test_0144,Sports
test_0145,Computer Sciences
test_0146,Computer Sciences
test_0147,Sports
test_0148,Pop Culture
test_0149,History
test_0150,Geography
test_0151,Sports
test_0152,Sports
test_0153,Gaming
test_0154,Pop Culture
test_0155,Gaming
test_0156,Gaming
test_0157,Natural Sciences
test_0158,Sports
test_0159,Sports
test_0160,Sports
test_0161,Gaming
test_0162,Gaming
test_0163,Computer Sciences
test_0164,Geography
test_0165,Gaming
test_0166,History
test_0167,Pop Culture
test_0168,Pop Culture
test_0169,Sports
test_0170,Gaming
test_0171,Gaming
test_0172,Sports
test_0173,Gaming
test_0174,Pop Culture
test_0175,Sports
test_0176,Geography
test_0177,Geography
test_0178,Computer Sciences
test_0179,Geography
test_0180,Sports
test_0181,Natural Sciences
test_0182,Pop Culture
test_0183,Sports
test_0184,Natural Sciences
test_0185,Gaming
test_0186,Geography
test_0187,Natural Sciences
test_0188,Gaming
test_0189,Gaming
test_0190,Sports
test_0191,Sports
test_0192,Sports
test_0193,Sports
test_0194,Geography
test_0195,Gaming
test_0196,Geography
test_0197,Gaming
test_0198,Natural Sciences
test_0199,Sports
test_0200,Natural Sciences
test_0201,Gaming
test_0202,Sports
test_0203,Gaming
test_0204,Geography
test_0205,Geography
test_0206,Computer Sciences
test_0207,Computer Sciences
test_0208,History
test_0209,Geography
test_0210,Geography
test_0211,Pop Culture
test_0212,Pop Culture
test_0213,Natural Sciences
test_0214,Geography
test_0215,Sports
test_0216,Sports
test_0217,Gaming
test_0218,Natural Sciences
test_0219,Geography
test_0220,Sports
test_0221,Computer Sciences
test_0222,Sports
test_0223,Computer Sciences
test_0224,Sports
test_0225,Pop Culture
test_0226,Natural Sciences
test_0227,Gaming
test_0228,Pop Culture
test_0229,Computer Sciences
test_0230,Natural Sciences
test_0231,Gaming
test_0232,Gaming
test_0233,Sports
test_0234,Computer Sciences
test_0235,Gaming
test_0236,Geography
test_0237,Sports
test_0238,Sports
test_0239,Geography
test_0240,History
test_0241,Computer Sciences
test_0242,Sports
test_0243,Sports
test_0244,Gaming
test_0245,Gaming
test_0246,Natural Sciences
test_0247,Natural Sciences
test_0248,Gaming
test_0249,Sports
test_0250,Natural Sciences
test_0251,Natural Sciences
test_0252,Sports
test_0253,Sports
test_0254,Computer Sciences
test_0255,Pop Culture
test_0256,Pop Culture
test_0257,Geography
test_0258,Geography
test_0259,Pop Culture
test_0260,Pop Culture
test_0261,Sports
test_0262,Computer Sciences
test_0263,Computer Sciences
test_0264,Sports
test_0265,Gaming
test_0266,Natural Sciences
test_0267,Pop Culture
test_0268,Gaming
test_0269,History
test_0270,History
test_0271,Natural Sciences
test_0272,Geography
test_0273,Computer Sciences
test_0274,History
test_0275,Pop Culture
test_0276,History
test_0277,Natural Sciences
test_0278,Sports
test_0279,History
test_0280,Geography
test_0281,Pop Culture
test_0282,Sports
test_0283,Geography
test_0284,Computer Sciences
test_0285,Gaming
test_0286,Natural Sciences
test_0287,Gaming
test_0288,Sports
test_0289,Gaming
test_0290,Pop Culture
test_0291,Natural Sciences
test_0292,Pop Culture
test_0293,Natural Sciences
test_0294,Geography
test_0295,Natural Sciences
test_0296,Sports
test_0297,Pop Culture
test_0298,Pop Culture
test_0299,Natural Sciences
test_0300,Pop Culture
test_0301,Geography
test_0302,Pop Culture
test_0303,Sports
test_0304,Pop Culture
test_0305,Gaming
test_0306,Gaming
test_0307,Natural Sciences
test_0308,Pop Culture
test_0309,Geography
test_0310,Geography
test_0311,History
test_0312,History
test_0313,Sports
test_0314,Pop Culture
test_0315,Gaming
test_0316,Sports
test_0317,Gaming
test_0318,Geography
test_0319,Gaming
test_0320,Pop Culture
test_0321,Sports
test_0322,Natural Sciences
test_0323,Gaming
test_0324,Computer Sciences
test_0325,Natural Sciences
test_0326,Gaming
test_0327,Pop Culture
test_0328,Geography
test_0329,Computer Sciences
test_0330,Sports
test_0331,Computer Sciences
test_0332,Pop Culture
test_0333,Pop Culture
test_0334,Sports
test_0335,Geography
test_0336,Sports
test_0337,Natural Sciences
test_0338,Natural Sciences
test_0339,Natural Sciences
test_0340,Geography
test_0341,Sports
test_0342,Computer Sciences
test_0343,Sports
test_0344,Gaming
test_0345,Natural Sciences
test_0346,Geography
test_0347,Geography
test_0348,Geography
test_0349,Geography
test_0350,Geography
test_0351,Geography
test_0352,Pop Culture
test_0353,Gaming
test_0354,Geography
test_0355,Gaming
test_0356,Pop Culture
test_0357,Geography
test_0358,Gaming
test_0359,Sports
test_0360,Computer Sciences
test_0361,Geography
test_0362,Pop Culture
test_0363,Gaming
test_0364,Sports
test_0365,Sports
test_0366,Sports
test_0367,Geography
test_0368,Computer Sciences
test_0369,Computer Sciences
test_0370,Computer Sciences
test_0371,History
test_0372,Sports
test_0373,Sports
test_0374,Sports
test_0375,Computer Sciences
test_0376,Natural Sciences
test_0377,Gaming
test_0378,History
test_0379,Geography
test_0380,Geography
test_0381,Geography
test_0382,Pop Culture
test_0383,Sports
test_0384,Sports
test_0385,History
test_0386,Computer Sciences
test_0387,Pop Culture
test_0388,Sports
test_0389,Gaming
test_0390,Sports
test_0391,Geography
test_0392,Sports
test_0393,Geography
test_0394,Sports
test_0395,Pop Culture
test_0396,Natural Sciences
test_0397,Natural Sciences
test_0398,Geography
test_0399,History
test_0400,Computer Sciences
test_0401,Natural Sciences
test_0402,Geography
test_0403,Sports
test_0404,Gaming
test_0405,Gaming
test_0406,Geography
test_0407,Computer Sciences
test_0408,Computer Sciences
test_0409,Computer Sciences
test_0410,Computer Sciences
test_0411,Geography
test_0412,Gaming
test_0413,Sports
test_0414,Sports
test_0415,Gaming
test_0416,Pop Culture
test_0417,Sports
test_0418,Gaming
test_0419,History
test_0420,Natural Sciences
test_0421,Computer Sciences
test_0422,Geography
test_0423,History
test_0424,Pop Culture
test_0425,Natural Sciences
test_0426,Gaming
test_0427,Pop Culture
test_0428,Natural Sciences
test_0429,Pop Culture
test_0430,Gaming
test_0431,Computer Sciences
test_0432,Sports
test_0433,Natural Sciences
test_0434,Geography
test_0435,Computer Sciences
test_0436,Natural Sciences
test_0437,Gaming
test_0438,Pop Culture
test_0439,Gaming
test_0440,Computer Sciences
test_0441,Sports
test_0442,Sports
test_0443,Geography
test_0444,Pop Culture
test_0445,Natural Sciences
test_0446,Geography
test_0447,Sports
test_0448,Geography
test_0449,Sports
test_0450,Gaming
test_0451,Natural Sciences
test_0452,Sports
test_0453,Pop Culture
test_0454,Geography
test_0455,Sports
test_0456,Computer Sciences
test_0457,Sports
test_0458,Natural Sciences
test_0459,Pop Culture
test_0460,Sports
test_0461,Gaming
test_0462,Sports
test_0463,Computer Sciences
test_0464,Natural Sciences
test_0465,Geography
test_0466,Sports
test_0467,Geography
test_0468,Sports
test_0469,Computer Sciences
test_0470,Geography
test_0471,Natural Sciences
test_0472,Sports
test_0473,Computer Sciences
test_0474,Pop Culture
test_0475,Sports
test_0476,Gaming
test_0477,Computer Sciences
test_0478,Gaming
test_0479,Geography
test_0480,Computer Sciences
test_0481,Sports
test_0482,Geography
test_0483,Sports
test_0484,Natural Sciences
test_0485,Gaming
test_0486,Sports
test_0487,Gaming
test_0488,Sports
test_0489,History
test_0490,Sports
test_0491,Computer Sciences
test_0492,Gaming
test_0493,Gaming
test_0494,Sports
test_0495,Geography
test_0496,Natural Sciences
test_0497,Computer Sciences
test_0498,Natural Sciences
test_0499,Sports
test_0500,Geography
test_0501,Sports
test_0502,Natural Sciences
test_0503,Gaming
test_0504,Gaming
test_0505,Sports
test_0506,Sports
test_0507,Pop Culture
test_0508,Natural Sciences
test_0509,Sports
test_0510,Gaming
test_0511,Gaming
test_0512,Sports
test_0513,Gaming
test_0514,Computer Sciences
test_0515,Geography
test_0516,Pop Culture
test_0517,Sports
test_0518,Natural Sciences
test_0519,Pop Culture
test_0520,History
test_0521,Pop Culture
test_0522,Sports
test_0523,Gaming
test_0524,Natural Sciences
test_0525,Pop Culture
test_0526,Sports
test_0527,Geography
test_0528,Sports
test_0529,Sports
test_0530,Geography
test_0531,History
test_0532,Gaming
test_0533,Sports
test_0534,Pop Culture
test_0535,Sports
test_0536,Computer Sciences
test_0537,Natural Sciences
test_0538,Computer Sciences
test_0539,Gaming
test_0540,Sports
test_0541,Sports
test_0542,Sports
test_0543,Pop Culture
test_0544,Computer Sciences
test_0545,Sports
test_0546,Sports
test_0547,Sports
test_0548,Sports
test_0549,Geography
test_0550,Sports
test_0551,History
test_0552,Gaming
test_0553,Sports
test_0554,Gaming
test_0555,Sports
test_0556,Sports
test_0557,Natural Sciences
test_0558,Pop Culture
test_0559,Pop Culture
test_0560,Computer Sciences
test_0561,Geography
test_0562,Gaming
test_0563,Natural Sciences
test_0564,Computer Sciences
test_0565,Gaming
test_0566,Gaming
test_0567,Natural Sciences
test_0568,Pop Culture
test_0569,Pop Culture
test_0570,Gaming
test_0571,Computer Sciences
test_0572,History
test_0573,Pop Culture
test_0574,Geography
test_0575,Pop Culture
test_0576,Pop Culture
test_0577,Pop Culture
test_0578,Gaming
test_0579,Gaming
test_0580,Geography
test_0581,Natural Sciences
test_0582,Natural Sciences
test_0583,Natural Sciences
test_0584,Gaming
test_0585,Geography
test_0586,Natural Sciences
test_0587,Computer Sciences
test_0588,Gaming
test_0589,Gaming
test_0590,Computer Sciences
test_0591,Gaming
test_0592,Sports
test_0593,Sports
test_0594,Gaming
test_0595,Computer Sciences
test_0596,Natural Sciences
test_0597,Geography
test_0598,Gaming
test_0599,Gaming
test_0600,Sports
test_0601,Sports
test_0602,Geography
test_0603,Geography
test_0604,Gaming
test_0605,Pop Culture
test_0606,Geography
test_0607,Geography
test_0608,Computer Sciences
test_0609,Sports
test_0610,Gaming
test_0611,Natural Sciences
test_0612,Pop Culture
test_0613,Computer Sciences
test_0614,Natural Sciences
test_0615,Sports
test_0616,Gaming
test_0617,Sports
test_0618,Sports
test_0619,Computer Sciences
test_0620,History
test_0621,Geography
test_0622,Geography
test_0623,History
test_0624,Sports
test_0625,Computer Sciences
test_0626,Pop Culture
test_0627,Geography
test_0628,Natural Sciences
test_0629,Natural Sciences
test_0630,History
test_0631,Natural Sciences
test_0632,Natural Sciences
test_0633,History
test_0634,Gaming
test_0635,Geography
test_0636,History
test_0637,Pop Culture
test_0638,Sports
test_0639,Natural Sciences
test_0640,Natural Sciences
test_0641,Pop Culture
test_0642,Pop Culture
test_0643,Sports
test_0644,Pop Culture
test_0645,Sports
test_0646,Geography
test_0647,Sports
test_0648,Computer Sciences
test_0649,Gaming
test_0650,Computer Sciences
test_0651,Natural Sciences
test_0652,Gaming
test_0653,Computer Sciences
test_0654,Computer Sciences
test_0655,Sports
test_0656,Geography
test_0657,Sports
test_0658,Gaming
test_0659,Sports
test_0660,History
test_0661,Geography
test_0662,Computer Sciences
test_0663,Computer Sciences
test_0664,Computer Sciences
test_0665,Natural Sciences
test_0666,Natural Sciences
test_0667,Sports
test_0668,History
test_0669,Sports
test_0670,Sports
test_0671,Sports
test_0672,History
test_0673,Computer Sciences
test_0674,Computer Sciences
test_0675,Sports
test_0676,Sports
test_0677,Natural Sciences
test_0678,Natural Sciences
test_0679,Pop Culture
test_0680,Pop Culture
test_0681,Pop Culture
test_0682,Pop Culture
test_0683,Computer Sciences
test_0684,Geography
test_0685,Pop Culture
test_0686,Geography
test_0687,Natural Sciences
test_0688,Geography
test_0689,Gaming
test_0690,Computer Sciences
test_0691,Pop Culture
test_0692,Computer Sciences
test_0693,Pop Culture
test_0694,Geography
test_0695,Sports
test_0696,Sports
test_0697,Computer Sciences
test_0698,Computer Sciences
test_0699,Pop Culture
test_0700,Natural Sciences
test_0701,Sports
test_0702,Gaming
test_0703,Computer Sciences
test_0704,Pop Culture
test_0705,Natural Sciences
test_0706,Gaming
test_0707,History
test_0708,Sports
test_0709,Computer Sciences
test_0710,Pop Culture
test_0711,Geography
test_0712,Gaming
test_0713,Sports
test_0714,Pop Culture
test_0715,Gaming
test_0716,Sports
test_0717,Sports
test_0718,Sports
test_0719,Computer Sciences
test_0720,Natural Sciences
test_0721,Pop Culture
test_0722,Pop Culture
test_0723,Sports
test_0724,Geography
test_0725,Gaming
test_0726,Geography
test_0727,Natural Sciences
test_0728,Natural Sciences
test_0729,Gaming
test_0730,Natural Sciences
test_0731,Geography
test_0732,Sports
test_0733,Gaming
test_0734,Gaming
test_0735,Natural Sciences
test_0736,History
test_0737,Geography
test_0738,Geography
test_0739,Computer Sciences
test_0740,Pop Culture
test_0741,Natural Sciences
test_0742,Natural Sciences
test_0743,Natural Sciences
test_0744,Sports
test_0745,Geography
test_0746,Sports
test_0747,Computer Sciences
test_0748,Natural Sciences
test_0749,Pop Culture
test_0750,Gaming
test_0751,History
test_0752,Geography
test_0753,Gaming
test_0754,Sports
test_0755,Gaming
test_0756,Pop Culture
test_0757,Gaming
test_0758,Pop Culture
test_0759,Sports
test_0760,Geography
test_0761,Natural Sciences
test_0762,Geography
test_0763,Gaming
test_0764,Gaming
test_0765,Gaming
test_0766,Computer Sciences
test_0767,Gaming
test_0768,Natural Sciences
test_0769,Pop Culture
test_0770,Geography
test_0771,Sports
test_0772,Sports
test_0773,Gaming
test_0774,Pop Culture
test_0775,Geography
test_0776,Pop Culture
test_0777,Computer Sciences
test_0778,Pop Culture
test_0779,Natural Sciences
test_0780,Sports
test_0781,Sports
test_0782,Natural Sciences
test_0783,Pop Culture
test_0784,Sports
test_0785,Gaming
test_0786,Sports
test_0787,Natural Sciences
test_0788,Gaming
test_0789,Sports
test_0790,Gaming
test_0791,History
test_0792,Computer Sciences
test_0793,Sports
test_0794,History
test_0795,Computer Sciences
test_0796,Pop Culture
test_0797,Geography
test_0798,Sports
test_0799,Gaming
test_0800,Sports
test_0801,Geography
test_0802,Computer Sciences
test_0803,History
test_0804,Computer Sciences
test_0805,Natural Sciences
test_0806,Pop Culture
test_0807,Gaming
test_0808,Pop Culture
test_0809,Gaming
test_0810,Gaming
test_0811,Computer Sciences
test_0812,Pop Culture
test_0813,Natural Sciences
test_0814,Natural Sciences
test_0815,Gaming
test_0816,Sports
test_0817,Computer Sciences
test_0818,Geography
test_0819,Pop Culture
test_0820,Geography
test_0821,Natural Sciences
test_0822,Natural Sciences
test_0823,Natural Sciences
test_0824,Pop Culture
test_0825,Geography
test_0826,History
test_0827,Sports
test_0828,Natural Sciences
test_0829,Pop Culture
test_0830,History
test_0831,History
test_0832,Gaming
test_0833,Computer Sciences
test_0834,Gaming
test_0835,Pop Culture
test_0836,Sports
test_0837,Gaming
test_0838,Sports
test_0839,Computer Sciences
test_0840,Natural Sciences
test_0841,History
test_0842,Sports
test_0843,Pop Culture
test_0844,Gaming
test_0845,Sports
test_0846,Computer Sciences
test_0847,Sports
test_0848,Geography
test_0849,Geography
test_0850,Pop Culture
test_0851,Natural Sciences
test_0852,Natural Sciences
test_0853,Pop Culture
test_0854,Sports
test_0855,Pop Culture
test_0856,Natural Sciences
test_0857,Pop Culture
test_0858,Computer Sciences
test_0859,Computer Sciences
test_0860,Sports
test_0861,History
test_0862,Computer Sciences
test_0863,Pop Culture
test_0864,Computer Sciences
test_0865,Gaming
test_0866,Natural Sciences
test_0867,Sports
test_0868,Sports
test_0869,Sports
test_0870,Gaming
test_0871,Pop Culture
test_0872,Sports
test_0873,Geography
test_0874,Pop Culture
test_0875,Natural Sciences
test_0876,Natural Sciences
test_0877,Gaming
test_0878,Natural Sciences
test_0879,Sports
test_0880,Geography
test_0881,Pop Culture
test_0882,Geography
test_0883,Geography
test_0884,Natural Sciences
test_0885,Computer Sciences
test_0886,History
test_0887,Computer Sciences
test_0888,Computer Sciences
test_0889,Sports
test_0890,Sports
test_0891,Pop Culture
test_0892,Geography
test_0893,Pop Culture
test_0894,Pop Culture
test_0895,Pop Culture
test_0896,Sports
test_0897,Pop Culture
test_0898,Gaming
test_0899,Sports
test_0900,Gaming
test_0901,Natural Sciences
test_0902,Sports
test_0903,Sports
test_0904,Sports
test_0905,Geography
test_0906,Pop Culture
test_0907,Computer Sciences
test_0908,Computer Sciences
test_0909,Natural Sciences
test_0910,Computer Sciences
test_0911,Natural Sciences
test_0912,Sports
test_0913,Sports
test_0914,Geography
test_0915,Sports
test_0916,Pop Culture
test_0917,Natural Sciences
test_0918,Geography
test_0919,Geography
test_0920,Gaming
test_0921,History
test_0922,Pop Culture
test_0923,Pop Culture
test_0924,Sports
test_0925,Natural Sciences
test_0926,Sports
test_0927,Sports
test_0928,Sports
test_0929,Natural Sciences
test_0930,Pop Culture
test_0931,Sports
test_0932,Computer Sciences
test_0933,Sports
test_0934,Geography
test_0935,Natural Sciences
test_0936,Natural Sciences
test_0937,Natural Sciences
test_0938,Sports
test_0939,Computer Sciences
test_0940,Geography
test_0941,Natural Sciences
test_0942,Computer Sciences
test_0943,Sports
test_0944,History
test_0945,Geography
test_0946,Gaming
test_0947,Computer Sciences
test_0948,Natural Sciences
test_0949,Gaming
test_0950,Natural Sciences
test_0951,Gaming
test_0952,Geography
test_0953,Natural Sciences
test_0954,Computer Sciences
test_0955,Sports
test_0956,Gaming
test_0957,Natural Sciences
test_0958,Gaming
test_0959,Sports
test_0960,History
test_0961,Computer Sciences
test_0962,History
test_0963,Gaming
test_0964,Gaming
test_0965,Pop Culture
test_0966,Sports
test_0967,Computer Sciences
test_0968,Natural Sciences
test_0969,Computer Sciences
test_0970,Gaming
test_0971,Sports
test_0972,Pop Culture
test_0973,Natural Sciences
test_0974,Pop Culture
test_0975,Gaming
test_0976,Computer Sciences
test_0977,Pop Culture
test_0978,Sports
test_0979,Sports
test_0980,Pop Culture
test_0981,Gaming
test_0982,Geography
test_0983,Gaming
test_0984,Pop Culture
test_0985,Geography
test_0986,Gaming
test_0987,Sports
test_0988,Sports
test_0989,Pop Culture
test_0990,Gaming
test_0991,History
test_0992,Natural Sciences
test_0993,Computer Sciences
test_0994,Sports
test_0995,Gaming
test_0996,Sports
test_0997,Sports
test_0998,Computer Sciences
test_0999,Sports
test_1000,History
test_1001,Geography
test_1002,Computer Sciences
test_1003,Natural Sciences
test_1004,Pop Culture
test_1005,Pop Culture
test_1006,Pop Culture
test_1007,Sports
test_1008,Natural Sciences
test_1009,Sports
test_1010,Geography
test_1011,Sports
test_1012,Sports
test_1013,Sports
test_1014,Computer Sciences
test_1015,Gaming
test_1016,Natural Sciences
test_1017,Natural Sciences
test_1018,Gaming
test_1019,Sports
test_1020,History
test_1021,Computer Sciences
test_1022,History
test_1023,Gaming
test_1024,Gaming
test_1025,History
test_1026,Pop Culture
test_1027,Pop Culture
test_1028,Natural Sciences
test_1029,Natural Sciences
test_1030,Gaming
test_1031,Sports
test_1032,Gaming
test_1033,Geography
test_1034,Gaming
test_1035,Gaming
test_1036,History
test_1037,Pop Culture
test_1038,Computer Sciences
test_1039,Sports
test_1040,Sports
test_1041,Sports
test_1042,Geography
test_1043,Pop Culture
test_1044,Geography
test_1045,Sports
test_1046,Gaming
test_1047,Computer Sciences
test_1048,Natural Sciences
test_1049,Geography
test_1050,Computer Sciences
test_1051,Pop Culture
test_1052,Geography
test_1053,Computer Sciences
test_1054,Geography
test_1055,History
test_1056,Gaming
test_1057,Computer Sciences
test_1058,Gaming
test_1059,Sports
test_1060,Pop Culture
test_1061,Geography
test_1062,Pop Culture
test_1063,Natural Sciences
test_1064,Geography
test_1065,Gaming
test_1066,Gaming
test_1067,Gaming
test_1068,Sports
test_1069,Geography
test_1070,Natural Sciences
test_1071,Geography
test_1072,Pop Culture
test_1073,Sports
test_1074,Natural Sciences
test_1075,Sports
test_1076,Geography
test_1077,Computer Sciences
test_1078,Gaming
test_1079,Sports
test_1080,Natural Sciences
test_1081,Gaming
test_1082,History
test_1083,Pop Culture
test_1084,Natural Sciences
test_1085,Sports
test_1086,Sports
test_1087,Geography
test_1088,Pop Culture
test_1089,Sports
test_1090,Sports
test_1091,Pop Culture
test_1092,Sports
test_1093,Natural Sciences
test_1094,Gaming
test_1095,Sports
test_1096,Pop Culture
test_1097,History
test_1098,Sports
test_1099,History
test_1100,Sports
test_1101,History
test_1102,Pop Culture
test_1103,Pop Culture
test_1104,Pop Culture
test_1105,Computer Sciences
test_1106,Computer Sciences
test_1107,Computer Sciences
test_1108,Computer Sciences
test_1109,Natural Sciences
test_1110,Sports
test_1111,Sports
test_1112,Computer Sciences
test_1113,Gaming
test_1114,Sports
test_1115,Gaming
test_1116,Geography
test_1117,History
test_1118,History
test_1119,Geography
test_1120,Natural Sciences
test_1121,Sports
test_1122,Sports
test_1123,Geography
test_1124,Computer Sciences
test_1125,Sports
test_1126,Sports
test_1127,Sports
test_1128,Pop Culture
test_1129,Gaming
test_1130,Computer Sciences
test_1131,Sports
test_1132,Pop Culture
test_1133,Geography
test_1134,Gaming
test_1135,Sports
test_1136,History
test_1137,Geography
test_1138,Sports
test_1139,Pop Culture
test_1140,Sports
test_1141,Natural Sciences
test_1142,Gaming
test_1143,Geography
test_1144,Gaming
test_1145,Sports
test_1146,Sports
test_1147,Natural Sciences
test_1148,History
test_1149,Natural Sciences
test_1150,Sports
test_1151,Sports
test_1152,Sports
test_1153,History
test_1154,Gaming
test_1155,Sports
test_1156,Sports
test_1157,Sports
test_1158,Sports
test_1159,Geography
test_1160,Computer Sciences
test_1161,Pop Culture
test_1162,Pop Culture
test_1163,Computer Sciences
test_1164,Natural Sciences
test_1165,Pop Culture
test_1166,Natural Sciences
test_1167,Natural Sciences
test_1168,Geography
test_1169,History
test_1170,Sports
test_1171,History
test_1172,Sports
test_1173,Pop Culture
test_1174,Gaming
test_1175,Computer Sciences
test_1176,Computer Sciences
test_1177,Natural Sciences
test_1178,Gaming
test_1179,History
test_1180,Pop Culture
test_1181,Sports
test_1182,History
test_1183,Natural Sciences
test_1184,Sports
test_1185,Natural Sciences
test_1186,History
test_1187,Geography
test_1188,Natural Sciences
test_1189,Sports
test_1190,Sports
test_1191,Sports
test_1192,Natural Sciences
test_1193,Pop Culture
test_1194,Natural Sciences
test_1195,Geography
test_1196,Geography
test_1197,Computer Sciences
test_1198,Pop Culture
test_1199,Computer Sciences
test_1200,Gaming
test_1201,Sports
test_1202,Sports
test_1203,Pop Culture
test_1204,Sports
test_1205,Computer Sciences
test_1206,Gaming
test_1207,History
test_1208,Sports
test_1209,Pop Culture
test_1210,Computer Sciences
test_1211,Sports
test_1212,Sports
test_1213,History
test_1214,Pop Culture
test_1215,Gaming
test_1216,Geography
test_1217,Gaming
test_1218,Geography
test_1219,Sports
test_1220,Gaming
test_1221,Gaming
test_1222,Gaming
test_1223,Geography
test_1224,Computer Sciences
test_1225,Gaming
test_1226,Computer Sciences
test_1227,Computer Sciences
test_1228,Natural Sciences
test_1229,Computer Sciences
test_1230,Sports
test_1231,Natural Sciences
test_1232,Pop Culture
test_1233,Gaming
test_1234,Computer Sciences
test_1235,Pop Culture
test_1236,Sports
test_1237,Sports
test_1238,Sports
test_1239,Geography
test_1240,Pop Culture
test_1241,Computer Sciences
test_1242,Sports
test_1243,Gaming
test_1244,Natural Sciences
test_1245,Natural Sciences
test_1246,Geography
test_1247,Pop Culture
test_1248,Geography
test_1249,Sports
test_1250,Sports
test_1251,Computer Sciences
test_1252,Pop Culture
test_1253,Gaming
test_1254,History
test_1255,Geography
test_1256,Natural Sciences
test_1257,Natural Sciences
test_1258,Natural Sciences
test_1259,Gaming
test_1260,Natural Sciences
test_1261,Natural Sciences
test_1262,Sports
test_1263,Computer Sciences
test_1264,Pop Culture
test_1265,History
test_1266,History
test_1267,Sports
test_1268,Sports
test_1269,Sports
test_1270,Sports
test_1271,Sports
test_1272,Gaming
test_1273,Natural Sciences
test_1274,Sports
test_1275,Computer Sciences
test_1276,Sports
test_1277,Sports
test_1278,Pop Culture
test_1279,Gaming
test_1280,Natural Sciences
test_1281,Pop Culture
test_1282,Pop Culture
test_1283,Gaming
test_1284,Gaming
test_1285,Sports
test_1286,Sports
test_1287,Sports
test_1288,Natural Sciences
test_1289,Computer Sciences
test_1290,Sports
test_1291,Geography
test_1292,Computer Sciences
test_1293,Pop Culture
test_1294,History
test_1295,Pop Culture
test_1296,Sports
test_1297,Sports
test_1298,Pop Culture
test_1299,Natural Sciences
test_1300,Sports
test_1301,Sports
test_1302,History
test_1303,History
test_1304,Sports
test_1305,Natural Sciences
test_1306,Sports
test_1307,Gaming
test_1308,Gaming
test_1309,Natural Sciences
test_1310,Natural Sciences
test_1311,Pop Culture
test_1312,Computer Sciences
test_1313,Pop Culture
test_1314,Sports
test_1315,Sports
test_1316,Pop Culture
test_1317,Sports
test_1318,Computer Sciences
test_1319,Sports
test_1320,Sports
test_1321,Pop Culture
test_1322,Sports
test_1323,Geography
test_1324,Sports
test_1325,Natural Sciences
test_1326,Gaming
test_1327,History
test_1328,Sports
test_1329,Computer Sciences
test_1330,Geography
test_1331,Computer Sciences
test_1332,Pop Culture
test_1333,History
test_1334,Sports
test_1335,Sports
test_1336,Sports
test_1337,Geography
test_1338,Geography
test_1339,Sports
test_1340,Sports
test_1341,Sports
test_1342,Sports
test_1343,Gaming
test_1344,History
test_1345,Pop Culture
test_1346,History
test_1347,Computer Sciences
test_1348,Geography
test_1349,Pop Culture
test_1350,History
test_1351,Computer Sciences
test_1352,Sports
test_1353,Gaming
test_1354,Computer Sciences
test_1355,Computer Sciences
test_1356,Geography
test_1357,Gaming
test_1358,Sports
test_1359,Pop Culture
test_1360,Geography
test_1361,Sports
test_1362,Pop Culture
test_1363,Geography
test_1364,Natural Sciences
test_1365,History
test_1366,Pop Culture
test_1367,Gaming
test_1368,Geography
test_1369,Geography
test_1370,Sports
test_1371,History
test_1372,Sports
test_1373,Pop Culture
test_1374,Sports
test_1375,Gaming
test_1376,Natural Sciences
test_1377,History
test_1378,Natural Sciences
test_1379,Pop Culture
test_1380,Sports
test_1381,Gaming
test_1382,Sports
test_1383,Sports
test_1384,Gaming
test_1385,Gaming
test_1386,Computer Sciences
test_1387,Pop Culture
test_1388,Gaming
test_1389,Sports
test_1390,Natural Sciences
test_1391,Sports
test_1392,Sports
test_1393,Geography
test_1394,Natural Sciences
test_1395,Gaming
test_1396,Gaming
test_1397,History
test_1398,Natural Sciences
test_1399,Natural Sciences
test_1400,Natural Sciences
test_1401,Gaming
test_1402,Sports
test_1403,History
test_1404,Computer Sciences
test_1405,Computer Sciences
test_1406,History
test_1407,Sports
test_1408,Geography
test_1409,Gaming
test_1410,Gaming
test_1411,Pop Culture
test_1412,Computer Sciences
test_1413,Sports
test_1414,Natural Sciences
test_1415,Geography
test_1416,Sports
test_1417,Sports
test_1418,Pop Culture
test_1419,Natural Sciences
test_1420,Sports
test_1421,Geography
test_1422,Natural Sciences
test_1423,Sports
test_1424,Computer Sciences
test_1425,History
test_1426,Natural Sciences
test_1427,Gaming
test_1428,History
test_1429,Gaming
test_1430,Computer Sciences
test_1431,Natural Sciences
test_1432,History
test_1433,Natural Sciences
test_1434,Gaming
test_1435,Natural Sciences
test_1436,Natural Sciences
test_1437,Gaming
test_1438,Pop Culture
test_1439,Computer Sciences
test_1440,Computer Sciences
test_1441,Sports
test_1442,History
test_1443,Computer Sciences
test_1444,Computer Sciences
test_1445,Geography
test_1446,Gaming
test_1447,History
test_1448,Sports
test_1449,Gaming
test_1450,Gaming
test_1451,Sports
test_1452,Sports
test_1453,Natural Sciences
test_1454,Geography
test_1455,Gaming
test_1456,Geography
test_1457,Gaming
test_1458,Pop Culture
test_1459,Pop Culture
test_1460,Natural Sciences
test_1461,Pop Culture
test_1462,Natural Sciences
test_1463,Geography
test_1464,Pop Culture
test_1465,Sports
test_1466,Gaming
test_1467,Computer Sciences
test_1468,Geography
test_1469,Computer Sciences
test_1470,Pop Culture
test_1471,Natural Sciences
test_1472,Natural Sciences
test_1473,Natural Sciences
test_1474,Pop Culture
test_1475,History
test_1476,Sports
test_1477,Geography
test_1478,Pop Culture
test_1479,Computer Sciences
test_1480,Natural Sciences
test_1481,Sports
test_1482,Natural Sciences
test_1483,Geography
test_1484,Sports
test_1485,Gaming
test_1486,Computer Sciences
test_1487,Natural Sciences
test_1488,History
test_1489,Sports
test_1490,Computer Sciences
test_1491,Geography
test_1492,Geography
test_1493,Computer Sciences
test_1494,Computer Sciences
test_1495,Geography
test_1496,Sports
test_1497,Gaming
test_1498,Gaming
test_1499,Sports
test_1500,Geography
test_1501,Natural Sciences
test_1502,Geography
test_1503,Geography
test_1504,Sports
test_1505,Gaming
test_1506,Gaming
test_1507,Gaming
test_1508,Gaming
test_1509,Sports
test_1510,Computer Sciences
test_1511,Pop Culture
test_1512,Sports
test_1513,Natural Sciences
test_1514,Geography
test_1515,Computer Sciences
test_1516,Natural Sciences
test_1517,Sports
test_1518,Sports
test_1519,Geography
test_1520,Sports
test_1521,Geography
test_1522,Natural Sciences
test_1523,Pop Culture
test_1524,Gaming
test_1525,Geography
test_1526,Gaming
test_1527,Natural Sciences
test_1528,Computer Sciences
test_1529,Gaming
test_1530,Sports
test_1531,Geography
test_1532,Geography
test_1533,Gaming
test_1534,Sports
test_1535,Geography
test_1536,Computer Sciences
test_1537,Gaming
test_1538,Gaming
test_1539,Sports
test_1540,Computer Sciences
test_1541,Gaming
test_1542,Computer Sciences
test_1543,Sports
test_1544,Gaming
test_1545,Sports
test_1546,Sports
test_1547,Sports
test_1548,Natural Sciences
test_1549,Natural Sciences
test_1550,Pop Culture
test_1551,Pop Culture
test_1552,Geography
test_1553,Gaming
test_1554,Pop Culture
test_1555,Pop Culture
test_1556,Gaming
test_1557,Geography
test_1558,Sports
test_1559,Geography
test_1560,Sports
test_1561,Geography
test_1562,History
test_1563,Natural Sciences
test_1564,Geography
test_1565,Natural Sciences
test_1566,Sports
test_1567,Gaming
test_1568,Sports
test_1569,Computer Sciences
test_1570,History
test_1571,Sports
test_1572,Geography
test_1573,Natural Sciences
test_1574,Gaming
test_1575,Computer Sciences
test_1576,Gaming
test_1577,Gaming
test_1578,Sports
test_1579,History
test_1580,Computer Sciences
test_1581,Gaming
test_1582,Natural Sciences
test_1583,Sports
test_1584,Pop Culture
test_1585,Computer Sciences
test_1586,Gaming
test_1587,Gaming
test_1588,Sports
test_1589,Sports
test_1590,Pop Culture
test_1591,Natural Sciences
test_1592,Gaming
test_1593,Natural Sciences
test_1594,Pop Culture
test_1595,Sports
test_1596,History
test_1597,Computer Sciences
test_1598,Natural Sciences
test_1599,Sports
test_1600,Gaming
test_1601,Gaming
test_1602,Sports
test_1603,Gaming
test_1604,Sports
test_1605,Computer Sciences
test_1606,Natural Sciences
test_1607,Sports
test_1608,Sports
test_1609,Geography
test_1610,Gaming
test_1611,Natural Sciences
test_1612,Pop Culture
test_1613,Sports
test_1614,Gaming
test_1615,Sports
test_1616,Natural Sciences
test_1617,Computer Sciences
test_1618,Geography
test_1619,Geography
test_1620,Sports
test_1621,Gaming
test_1622,Pop Culture
test_1623,Natural Sciences
test_1624,Natural Sciences
test_1625,Sports
test_1626,Computer Sciences
test_1627,Geography
test_1628,Computer Sciences
test_1629,Sports
test_1630,Gaming
test_1631,Gaming
test_1632,Geography
test_1633,History
test_1634,Sports
test_1635,Gaming
test_1636,Sports
test_1637,Sports
test_1638,Natural Sciences
test_1639,Sports
test_1640,Sports
test_1641,History
test_1642,Computer Sciences
test_1643,Computer Sciences
test_1644,Computer Sciences
test_1645,Gaming
test_1646,Gaming
test_1647,Computer Sciences
test_1648,Geography
test_1649,Sports
test_1650,Geography
test_1651,Computer Sciences
test_1652,Natural Sciences
test_1653,History
test_1654,Geography
test_1655,Sports
test_1656,History
test_1657,Pop Culture
test_1658,Computer Sciences
test_1659,Natural Sciences
test_1660,Gaming
test_1661,Computer Sciences
test_1662,Gaming
test_1663,Sports
test_1664,Gaming
test_1665,Geography
test_1666,Pop Culture
test_1667,Computer Sciences
test_1668,Geography
test_1669,Natural Sciences
test_1670,History
test_1671,Sports
test_1672,Sports
test_1673,Pop Culture
test_1674,Pop Culture
test_1675,Gaming
test_1676,History
test_1677,Sports
test_1678,Gaming
test_1679,Geography
test_1680,Gaming
test_1681,Computer Sciences
test_1682,Sports
test_1683,Geography
test_1684,Sports
test_1685,Natural Sciences
test_1686,Sports
test_1687,Pop Culture
test_1688,History
test_1689,Sports
test_1690,Natural Sciences
test_1691,Sports
test_1692,Geography
test_1693,Computer Sciences
test_1694,Sports
test_1695,Sports
test_1696,History
test_1697,History
test_1698,Pop Culture
test_1699,Geography
test_1700,Natural Sciences
test_1701,Pop Culture
test_1702,Sports
test_1703,Sports
test_1704,Sports
test_1705,Sports
test_1706,Pop Culture
test_1707,History
test_1708,Geography
test_1709,Gaming
test_1710,Pop Culture
test_1711,Natural Sciences
test_1712,Geography
test_1713,Gaming
test_1714,Natural Sciences
test_1715,Pop Culture
test_1716,Natural Sciences
test_1717,Natural Sciences
test_1718,Pop Culture
test_1719,Geography
test_1720,Sports
test_1721,Geography
test_1722,Natural Sciences
test_1723,Gaming
test_1724,History
test_1725,Pop Culture
test_1726,Sports
test_1727,Gaming
test_1728,History
test_1729,Natural Sciences
test_1730,Geography
test_1731,Pop Culture
test_1732,Pop Culture
test_1733,Gaming
test_1734,Natural Sciences
test_1735,Geography
test_1736,Sports
test_1737,Pop Culture
test_1738,Geography
test_1739,Geography
test_1740,Natural Sciences
test_1741,Geography
test_1742,Geography
test_1743,Computer Sciences
test_1744,Computer Sciences
test_1745,Computer Sciences
test_1746,Sports
test_1747,Pop Culture
test_1748,Natural Sciences
test_1749,Computer Sciences
test_1750,Computer Sciences
test_1751,Natural Sciences
test_1752,Geography
test_1753,Gaming
test_1754,History
test_1755,Sports
test_1756,Natural Sciences
test_1757,Sports
test_1758,Natural Sciences
test_1759,History
test_1760,Pop Culture
test_1761,Computer Sciences
test_1762,Geography
test_1763,Sports
test_1764,Geography
test_1765,Computer Sciences
test_1766,Natural Sciences
test_1767,Sports
test_1768,Gaming
test_1769,Sports
test_1770,Pop Culture
test_1771,Pop Culture
test_1772,Geography
test_1773,Geography
test_1774,Natural Sciences
test_1775,Geography
test_1776,Computer Sciences
test_1777,Natural Sciences
test_1778,Sports
test_1779,Geography
test_1780,Geography
test_1781,Computer Sciences
test_1782,Gaming
test_1783,History
test_1784,Pop Culture
test_1785,Geography
test_1786,Computer Sciences
test_1787,Geography
test_1788,Pop Culture
test_1789,Geography
test_1790,Natural Sciences
test_1791,Natural Sciences
test_1792,History
test_1793,Sports
test_1794,Natural Sciences
test_1795,History
test_1796,Sports
test_1797,Gaming
test_1798,Geography
test_1799,Sports
test_1800,Sports
test_1801,Sports
test_1802,Pop Culture
test_1803,Sports
test_1804,Sports
test_1805,Natural Sciences
test_1806,Gaming
test_1807,Geography
test_1808,Pop Culture
test_1809,Sports
test_1810,Sports
test_1811,Pop Culture
test_1812,Sports
test_1813,Gaming
test_1814,Gaming
test_1815,Gaming
test_1816,Sports
test_1817,Computer Sciences
test_1818,Sports
test_1819,Geography
test_1820,Sports
test_1821,Gaming
test_1822,Sports
test_1823,Gaming
test_1824,Pop Culture
test_1825,Gaming
test_1826,Sports
test_1827,Sports
test_1828,Gaming
test_1829,Gaming
test_1830,Pop Culture
test_1831,Gaming
test_1832,Pop Culture
test_1833,History
test_1834,Natural Sciences
test_1835,Sports
test_1836,Pop Culture
test_1837,Natural Sciences
test_1838,Computer Sciences
test_1839,Sports
test_1840,Sports
test_1841,Geography
test_1842,Geography
test_1843,History
test_1844,Sports
test_1845,Sports
test_1846,Natural Sciences
test_1847,Computer Sciences
test_1848,Computer Sciences
test_1849,Pop Culture
test_1850,Computer Sciences
test_1851,Gaming
test_1852,Computer Sciences
test_1853,Computer Sciences
test_1854,Geography
test_1855,Gaming
test_1856,Sports
test_1857,Pop Culture
test_1858,Sports
test_1859,Gaming
test_1860,Computer Sciences
test_1861,Geography
test_1862,Pop Culture
test_1863,Sports
test_1864,Gaming
test_1865,Sports
test_1866,Sports
test_1867,Geography
test_1868,Geography
test_1869,Pop Culture
test_1870,Gaming
test_1871,Pop Culture
test_1872,Sports
test_1873,Computer Sciences
test_1874,Geography
test_1875,Sports
test_1876,Sports
test_1877,Natural Sciences
test_1878,History
test_1879,Sports
test_1880,Gaming
test_1881,History
test_1882,Gaming
test_1883,Natural Sciences
test_1884,History
test_1885,Computer Sciences
test_1886,Computer Sciences
test_1887,Geography
test_1888,Gaming
test_1889,Sports
test_1890,Geography
test_1891,Gaming
test_1892,Pop Culture
test_1893,Natural Sciences
test_1894,Gaming
test_1895,Gaming
test_1896,Pop Culture
test_1897,Gaming
test_1898,Gaming
test_1899,Natural Sciences
test_1900,Natural Sciences
test_1901,Geography
test_1902,Sports
test_1903,Gaming
test_1904,Gaming
test_1905,Gaming
test_1906,Natural Sciences
test_1907,Pop Culture
test_1908,Geography
test_1909,Sports
test_1910,Geography
test_1911,Pop Culture
test_1912,Pop Culture
test_1913,Geography
test_1914,Sports
test_1915,Gaming
test_1916,Pop Culture
test_1917,Pop Culture
test_1918,Sports
test_1919,Geography
test_1920,Gaming
test_1921,Sports
test_1922,Gaming
test_1923,Natural Sciences
test_1924,Pop Culture
test_1925,History
test_1926,Pop Culture
test_1927,Gaming
test_1928,Pop Culture
test_1929,Natural Sciences
test_1930,Geography
test_1931,Sports
test_1932,Geography
test_1933,Sports
test_1934,Pop Culture
test_1935,Computer Sciences
test_1936,Computer Sciences
test_1937,Natural Sciences
test_1938,Pop Culture
test_1939,Sports
test_1940,Computer Sciences
test_1941,Sports
test_1942,Sports
test_1943,Sports
test_1944,Sports
test_1945,Natural Sciences
test_1946,Natural Sciences
test_1947,Gaming
test_1948,Gaming
test_1949,Gaming
test_1950,Gaming
test_1951,Pop Culture
test_1952,Sports
test_1953,Gaming
test_1954,Pop Culture
test_1955,Gaming
test_1956,Geography
test_1957,Natural Sciences
test_1958,History
test_1959,Gaming
test_1960,Natural Sciences
test_1961,Sports
test_1962,Natural Sciences
test_1963,Geography
test_1964,Pop Culture
test_1965,Sports
test_1966,Geography
test_1967,Pop Culture
test_1968,Sports
test_1969,Geography
test_1970,Geography
test_1971,Computer Sciences
test_1972,Natural Sciences
test_1973,Sports
test_1974,Natural Sciences
test_1975,Gaming
test_1976,Gaming
test_1977,Natural Sciences
test_1978,Gaming
test_1979,Gaming
test_1980,Pop Culture
test_1981,Gaming
test_1982,Sports
test_1983,Geography
test_1984,Sports
test_1985,Pop Culture
test_1986,Natural Sciences
test_1987,Computer Sciences
test_1988,Pop Culture
test_1989,Natural Sciences
test_1990,Gaming
test_1991,Natural Sciences
test_1992,Pop Culture
test_1993,History
test_1994,History
test_1995,Natural Sciences
test_1996,Geography
test_1997,Pop Culture
test_1998,Geography
test_1999,Sports
test_2000,Pop Culture
test_2001,Pop Culture
test_2002,Computer Sciences
test_2003,Sports
test_2004,Natural Sciences
test_2005,Natural Sciences
test_2006,Sports
test_2007,Gaming
test_2008,Gaming
test_2009,Computer Sciences
test_2010,Gaming
test_2011,Gaming
test_2012,Computer Sciences
test_2013,Computer Sciences
test_2014,Computer Sciences
test_2015,Sports
test_2016,Sports
test_2017,Sports
test_2018,Sports
test_2019,History
test_2020,Sports
test_2021,Sports
test_2022,History
test_2023,Pop Culture
test_2024,Sports
test_2025,Natural Sciences
test_2026,Sports
test_2027,Pop Culture
test_2028,Gaming
test_2029,Pop Culture
test_2030,Natural Sciences
test_2031,Computer Sciences
test_2032,Natural Sciences
test_2033,Pop Culture
test_2034,Pop Culture
test_2035,Geography
test_2036,Sports
test_2037,Gaming
test_2038,Computer Sciences
test_2039,Gaming
test_2040,Pop Culture
test_2041,Computer Sciences
test_2042,Sports
test_2043,Sports
test_2044,Pop Culture
test_2045,Gaming
test_2046,Sports
test_2047,Gaming
test_2048,Natural Sciences
test_2049,Natural Sciences
test_2050,History
test_2051,Natural Sciences
test_2052,Geography
test_2053,History
test_2054,History
test_2055,Computer Sciences
test_2056,Sports
test_2057,Gaming
test_2058,Gaming
test_2059,Sports
test_2060,Geography
test_2061,Computer Sciences
test_2062,Geography
test_2063,Geography
test_2064,Pop Culture
test_2065,Gaming
test_2066,Sports
test_2067,History
test_2068,Geography
test_2069,Gaming
test_2070,History
test_2071,Gaming
test_2072,History
test_2073,Pop Culture
test_2074,Sports
test_2075,Gaming
test_2076,Geography
test_2077,Sports
test_2078,Pop Culture
test_2079,Sports
test_2080,Gaming
test_2081,Pop Culture
test_2082,Pop Culture
test_2083,Sports
test_2084,Geography
test_2085,Sports
test_2086,History
test_2087,Computer Sciences
test_2088,Pop Culture
test_2089,Sports
test_2090,Natural Sciences
test_2091,Sports
test_2092,Pop Culture
test_2093,Sports
test_2094,Pop Culture
test_2095,Natural Sciences
test_2096,Geography
test_2097,Geography
test_2098,Computer Sciences
test_2099,Geography
test_2100,Pop Culture
test_2101,Geography
test_2102,Sports
test_2103,Natural Sciences
test_2104,Sports
test_2105,Geography
test_2106,Computer Sciences
test_2107,Pop Culture
test_2108,Sports
test_2109,Natural Sciences
test_2110,Pop Culture
test_2111,Gaming
test_2112,Gaming
test_2113,Geography
test_2114,Gaming
test_2115,Sports
test_2116,History
test_2117,Pop Culture
test_2118,History
test_2119,Pop Culture
test_2120,Sports
test_2121,Sports
test_2122,Pop Culture
test_2123,Sports
test_2124,Pop Culture
test_2125,Natural Sciences
test_2126,Geography
test_2127,Natural Sciences
test_2128,Pop Culture
test_2129,Gaming
test_2130,Gaming
test_2131,History
test_2132,Geography
test_2133,Geography
test_2134,Natural Sciences
test_2135,Gaming
test_2136,Computer Sciences
test_2137,Geography
test_2138,Computer Sciences
test_2139,Computer Sciences
test_2140,Sports
test_2141,Pop Culture
test_2142,Natural Sciences
test_2143,History
test_2144,Sports
test_2145,Geography
test_2146,Sports
test_2147,Sports
test_2148,Sports
test_2149,Sports
test_2150,Computer Sciences
test_2151,Gaming
test_2152,Geography
test_2153,Pop Culture
test_2154,Pop Culture
test_2155,Natural Sciences
test_2156,Computer Sciences
test_2157,Sports
test_2158,Pop Culture
test_2159,Natural Sciences
test_2160,Pop Culture
test_2161,Geography
test_2162,Geography
test_2163,History
test_2164,Computer Sciences
test_2165,Natural Sciences
test_2166,Pop Culture
test_2167,Geography
test_2168,Computer Sciences
test_2169,Computer Sciences
test_2170,Gaming
test_2171,Gaming
test_2172,Pop Culture
test_2173,Sports
test_2174,Sports
test_2175,Natural Sciences
test_2176,Sports
test_2177,Pop Culture
test_2178,Pop Culture
test_2179,Gaming
test_2180,Sports
test_2181,Gaming
test_2182,Geography
test_2183,Computer Sciences
test_2184,History
test_2185,Sports
test_2186,Natural Sciences
test_2187,Natural Sciences
test_2188,Geography
test_2189,Natural Sciences
test_2190,Pop Culture
test_2191,Natural Sciences
test_2192,Gaming
test_2193,Geography
test_2194,Computer Sciences
test_2195,Natural Sciences
test_2196,Computer Sciences
test_2197,Sports
test_2198,Gaming
test_2199,Computer Sciences
test_2200,Computer Sciences
test_2201,Gaming
test_2202,Natural Sciences
test_2203,Computer Sciences
test_2204,Gaming
test_2205,Sports
test_2206,Natural Sciences
test_2207,Computer Sciences
test_2208,Computer Sciences
test_2209,Natural Sciences
test_2210,Sports
test_2211,Geography
test_2212,Pop Culture
test_2213,Sports
test_2214,Pop Culture
test_2215,Computer Sciences
test_2216,Pop Culture
test_2217,Computer Sciences
test_2218,Sports
test_2219,Geography
test_2220,Computer Sciences
test_2221,Gaming
test_2222,Sports
test_2223,Pop Culture
test_2224,Computer Sciences
test_2225,Computer Sciences
test_2226,Natural Sciences
test_2227,Pop Culture
test_2228,Pop Culture
test_2229,Gaming
test_2230,Sports
test_2231,Computer Sciences
test_2232,Sports
test_2233,Sports
test_2234,Gaming
test_2235,Sports
test_2236,Computer Sciences
test_2237,History
test_2238,Sports
test_2239,Geography
test_2240,Geography
test_2241,Pop Culture
test_2242,Gaming
test_2243,Geography
test_2244,History
test_2245,Pop Culture
test_2246,Pop Culture
test_2247,Sports
test_2248,History
test_2249,History
test_2250,Geography
test_2251,Pop Culture
test_2252,Computer Sciences
test_2253,Geography
test_2254,Sports
test_2255,Pop Culture
test_2256,Computer Sciences
test_2257,Sports
test_2258,Geography
test_2259,Gaming
test_2260,Pop Culture
test_2261,Geography
test_2262,Natural Sciences
test_2263,Pop Culture
test_2264,Computer Sciences
test_2265,Sports
test_2266,Geography
test_2267,Gaming
test_2268,Gaming
test_2269,Natural Sciences
test_2270,Gaming
test_2271,Sports
test_2272,Sports
test_2273,Geography
test_2274,Pop Culture
test_2275,Natural Sciences
test_2276,Geography
test_2277,Geography
test_2278,Pop Culture
test_2279,Pop Culture
test_2280,Sports
test_2281,Computer Sciences
test_2282,History
test_2283,Pop Culture
test_2284,Pop Culture
test_2285,Gaming
test_2286,Sports
test_2287,Geography
test_2288,Computer Sciences
test_2289,Natural Sciences
test_2290,Natural Sciences
test_2291,Natural Sciences
test_2292,Sports
test_2293,Pop Culture
test_2294,Gaming
test_2295,Sports
test_2296,Gaming
test_2297,Gaming
test_2298,Computer Sciences
test_2299,Geography
test_2300,Sports
test_2301,Geography
test_2302,Pop Culture
test_2303,Geography
test_2304,History
test_2305,Sports
test_2306,Geography
test_2307,Geography
test_2308,Pop Culture
test_2309,Natural Sciences
test_2310,Pop Culture
test_2311,Geography
test_2312,Gaming
test_2313,Sports
test_2314,Sports
test_2315,Sports
test_2316,Geography
test_2317,Sports
test_2318,Pop Culture
test_2319,Sports
test_2320,Gaming
test_2321,Pop Culture
test_2322,Gaming
test_2323,Sports
test_2324,History
test_2325,Geography
test_2326,Sports
test_2327,Computer Sciences
test_2328,Gaming
test_2329,History
test_2330,Geography
test_2331,Pop Culture
test_2332,Geography
test_2333,Sports
test_2334,Sports
test_2335,Pop Culture
test_2336,Pop Culture
test_2337,Gaming
test_2338,Pop Culture
test_2339,Natural Sciences
test_2340,Computer Sciences
test_2341,Computer Sciences
test_2342,Sports
test_2343,Natural Sciences
test_2344,Geography
test_2345,History
test_2346,Gaming
test_2347,Geography
test_2348,Geography
test_2349,Geography
test_2350,Geography
test_2351,Geography
test_2352,Geography
test_2353,Sports
test_2354,Pop Culture
test_2355,Gaming
test_2356,Geography
test_2357,Geography
test_2358,Sports
test_2359,Pop Culture
test_2360,Gaming
test_2361,Computer Sciences
test_2362,Natural Sciences
test_2363,History
test_2364,Geography
test_2365,Sports
test_2366,Natural Sciences
test_2367,Pop Culture
test_2368,Sports
test_2369,Natural Sciences
test_2370,Computer Sciences
test_2371,Gaming
test_2372,Geography
test_2373,Pop Culture
test_2374,Sports
test_2375,Geography
test_2376,History
test_2377,Pop Culture
test_2378,Natural Sciences
test_2379,Geography
test_2380,History
test_2381,Sports
test_2382,Sports
test_2383,Sports
test_2384,Pop Culture
test_2385,Gaming
test_2386,Computer Sciences
test_2387,Computer Sciences
test_2388,Natural Sciences
test_2389,Natural Sciences
test_2390,Gaming
test_2391,Geography
test_2392,Sports
test_2393,Gaming
test_2394,Computer Sciences
test_2395,History
test_2396,Natural Sciences
test_2397,Geography
test_2398,Sports
test_2399,Geography
test_2400,Computer Sciences
test_2401,Computer Sciences
test_2402,Pop Culture
test_2403,Natural Sciences
test_2404,Sports
test_2405,Computer Sciences
test_2406,Sports
test_2407,Geography
test_2408,Natural Sciences
test_2409,Gaming
test_2410,Sports
test_2411,Computer Sciences
test_2412,Gaming
test_2413,Geography
test_2414,History
test_2415,Geography
test_2416,Sports
test_2417,Geography
test_2418,History
test_2419,History
test_2420,Gaming
test_2421,Natural Sciences
test_2422,Pop Culture
test_2423,Gaming
test_2424,Natural Sciences
test_2425,Sports
test_2426,Sports
test_2427,Gaming
test_2428,Computer Sciences
test_2429,History
test_2430,Sports
test_2431,History
test_2432,Pop Culture
test_2433,Sports
test_2434,Pop Culture
test_2435,Computer Sciences
test_2436,Sports
test_2437,Geography
test_2438,Gaming
test_2439,Natural Sciences
test_2440,Computer Sciences
test_2441,Natural Sciences
test_2442,Sports
test_2443,Natural Sciences
test_2444,History
test_2445,Geography
test_2446,Pop Culture
test_2447,Sports
test_2448,Gaming
test_2449,Pop Culture
test_2450,Natural Sciences
test_2451,Computer Sciences
test_2452,Computer Sciences
test_2453,Sports
test_2454,Natural Sciences
test_2455,Computer Sciences
test_2456,Gaming
test_2457,Computer Sciences
test_2458,Natural Sciences
test_2459,Computer Sciences
test_2460,Gaming
test_2461,Natural Sciences
test_2462,Sports
test_2463,Sports
test_2464,Geography
test_2465,Pop Culture
test_2466,Geography
test_2467,Natural Sciences
test_2468,Sports
test_2469,Pop Culture
test_2470,Sports
test_2471,Sports
test_2472,Pop Culture
test_2473,Natural Sciences
test_2474,Computer Sciences
test_2475,Computer Sciences
test_2476,Computer Sciences
test_2477,Gaming
test_2478,Pop Culture
test_2479,History
test_2480,Gaming
test_2481,Geography
test_2482,History
test_2483,Pop Culture
test_2484,Computer Sciences
test_2485,Gaming
test_2486,Pop Culture
test_2487,Sports
test_2488,Geography
test_2489,Pop Culture
test_2490,Sports
test_2491,Natural Sciences
test_2492,Sports
test_2493,Sports
test_2494,Sports
test_2495,Natural Sciences
test_2496,Gaming
test_2497,Geography
test_2498,Gaming
test_2499,Geography
test_2500,Sports
test_2501,Pop Culture
test_2502,Gaming
test_2503,Gaming
test_2504,Gaming
test_2505,Sports
test_2506,Computer Sciences
test_2507,Geography
test_2508,Sports
test_2509,Sports
test_2510,Geography
test_2511,Natural Sciences
test_2512,Computer Sciences
test_2513,Natural Sciences
test_2514,Natural Sciences
test_2515,Geography
test_2516,Sports
test_2517,Sports
test_2518,Gaming
test_2519,Pop Culture
test_2520,Sports
test_2521,Sports
test_2522,Computer Sciences
test_2523,Natural Sciences
test_2524,Geography
test_2525,Pop Culture
test_2526,Gaming
test_2527,Natural Sciences
test_2528,History
test_2529,Natural Sciences
test_2530,Computer Sciences
test_2531,Geography
test_2532,Natural Sciences
test_2533,Sports
test_2534,Pop Culture
test_2535,Computer Sciences
test_2536,Pop Culture
test_2537,Gaming
test_2538,Gaming
test_2539,Gaming
test_2540,Natural Sciences
test_2541,Gaming
test_2542,Gaming
test_2543,Computer Sciences
test_2544,History
test_2545,Sports
test_2546,Sports
test_2547,Natural Sciences
test_2548,Pop Culture
test_2549,Sports
test_2550,Geography
test_2551,Geography
test_2552,Pop Culture
test_2553,Geography
test_2554,Pop Culture
test_2555,History
test_2556,Sports
test_2557,Pop Culture
test_2558,History
test_2559,Natural Sciences
test_2560,Gaming
test_2561,Sports
test_2562,Computer Sciences
test_2563,History
test_2564,Natural Sciences
test_2565,Pop Culture
test_2566,Pop Culture
test_2567,Pop Culture
test_2568,Geography
test_2569,Geography
test_2570,Natural Sciences
test_2571,Geography
test_2572,Natural Sciences
test_2573,Pop Culture
test_2574,Sports
test_2575,Natural Sciences
test_2576,Gaming
test_2577,Gaming
test_2578,Computer Sciences
test_2579,Pop Culture
test_2580,Pop Culture
test_2581,Geography
test_2582,Gaming
test_2583,Sports
test_2584,Sports
test_2585,Computer Sciences
test_2586,Gaming
test_2587,Geography
test_2588,Gaming
test_2589,Gaming
test_2590,Sports
test_2591,Computer Sciences
test_2592,Geography
test_2593,Gaming
test_2594,Pop Culture
test_2595,Sports
test_2596,Pop Culture
test_2597,Natural Sciences
test_2598,Natural Sciences
test_2599,Computer Sciences
test_2600,Sports
test_2601,Pop Culture
test_2602,Geography
test_2603,Sports
test_2604,Computer Sciences
test_2605,Pop Culture
test_2606,Geography
test_2607,Geography
test_2608,Pop Culture
test_2609,Natural Sciences
test_2610,Gaming
test_2611,Natural Sciences
test_2612,Computer Sciences
test_2613,Pop Culture
test_2614,Computer Sciences
test_2615,Sports
test_2616,Sports
test_2617,Natural Sciences
test_2618,Sports
test_2619,Gaming
test_2620,Sports
test_2621,Pop Culture
test_2622,Sports
test_2623,Natural Sciences
test_2624,Geography
test_2625,Pop Culture
test_2626,History
test_2627,Computer Sciences
test_2628,Sports
test_2629,Sports
test_2630,Computer Sciences
test_2631,Gaming
test_2632,Pop Culture
test_2633,Gaming
test_2634,Computer Sciences
test_2635,Pop Culture
test_2636,Geography
test_2637,Natural Sciences
test_2638,Sports
test_2639,Natural Sciences
test_2640,Gaming
test_2641,Sports
test_2642,Computer Sciences
test_2643,Gaming
test_2644,Sports
test_2645,Natural Sciences
test_2646,History
test_2647,Sports
test_2648,Geography
test_2649,Geography
test_2650,Computer Sciences
test_2651,Geography
test_2652,Geography
test_2653,Geography
test_2654,Natural Sciences
test_2655,Sports
test_2656,Pop Culture
test_2657,Gaming
test_2658,Computer Sciences
test_2659,Geography
test_2660,Natural Sciences
test_2661,Gaming
test_2662,Gaming
test_2663,Computer Sciences
test_2664,Geography
test_2665,Pop Culture
test_2666,Natural Sciences
test_2667,Natural Sciences
test_2668,Natural Sciences
test_2669,Sports
test_2670,Gaming
test_2671,Pop Culture
test_2672,Pop Culture
test_2673,Computer Sciences
test_2674,Natural Sciences
test_2675,Gaming
test_2676,Sports
test_2677,History
test_2678,History
test_2679,Pop Culture
test_2680,Sports
test_2681,Pop Culture
test_2682,Computer Sciences
test_2683,Computer Sciences
test_2684,Geography
test_2685,Gaming
test_2686,Sports
test_2687,Sports
test_2688,Geography
test_2689,Pop Culture
test_2690,Geography
test_2691,Gaming
test_2692,Geography
test_2693,Sports
test_2694,Natural Sciences
test_2695,Computer Sciences
test_2696,History
test_2697,Gaming
test_2698,Computer Sciences
test_2699,Pop Culture
test_2700,Computer Sciences
test_2701,Geography
test_2702,Natural Sciences
test_2703,Computer Sciences
test_2704,Sports
test_2705,Gaming
test_2706,Sports
test_2707,Geography
test_2708,Pop Culture
test_2709,Natural Sciences
test_2710,Sports
test_2711,Computer Sciences
test_2712,Gaming
test_2713,Sports
test_2714,Geography
test_2715,Gaming
test_2716,Gaming
test_2717,History
test_2718,Gaming
test_2719,Gaming
test_2720,Pop Culture
test_2721,Natural Sciences
test_2722,Geography
test_2723,Pop Culture
test_2724,Geography
test_2725,Geography
test_2726,Computer Sciences
test_2727,Gaming
test_2728,Computer Sciences
test_2729,Gaming
test_2730,Sports
test_2731,Pop Culture
test_2732,Sports
test_2733,Geography
test_2734,History
test_2735,Sports
test_2736,Computer Sciences
test_2737,Geography
test_2738,Natural Sciences
test_2739,Natural Sciences
test_2740,Gaming
test_2741,Gaming
test_2742,Natural Sciences
test_2743,Sports
test_2744,Computer Sciences
test_2745,Gaming
test_2746,History
test_2747,Geography
test_2748,Computer Sciences
test_2749,Sports
test_2750,Geography
test_2751,Pop Culture
test_2752,Geography
test_2753,Natural Sciences
test_2754,Gaming
test_2755,History
test_2756,Sports
test_2757,Sports
test_2758,Sports
test_2759,Natural Sciences
test_2760,Sports
test_2761,Geography
test_2762,Sports
test_2763,Sports
test_2764,Natural Sciences
test_2765,Computer Sciences
test_2766,Pop Culture
test_2767,Sports
test_2768,Sports
test_2769,Computer Sciences
test_2770,Gaming
test_2771,Natural Sciences
test_2772,Sports
test_2773,Geography
test_2774,Sports
test_2775,Computer Sciences
test_2776,Geography
test_2777,Natural Sciences
test_2778,Sports
test_2779,Geography
test_2780,Natural Sciences
test_2781,Computer Sciences
test_2782,Computer Sciences
test_2783,Geography
test_2784,Pop Culture
test_2785,Sports
test_2786,Natural Sciences
test_2787,Geography
test_2788,History
test_2789,Gaming
test_2790,Gaming
test_2791,Natural Sciences
test_2792,Natural Sciences
test_2793,Sports
test_2794,Gaming
test_2795,Pop Culture
test_2796,Computer Sciences
test_2797,Sports
test_2798,Computer Sciences
test_2799,Sports
test_2800,Natural Sciences
test_2801,Geography
test_2802,Sports
test_2803,Natural Sciences
test_2804,Geography
test_2805,Sports
test_2806,Sports
test_2807,Natural Sciences
test_2808,Geography
test_2809,Natural Sciences
test_2810,Computer Sciences
test_2811,Pop Culture
test_2812,Computer Sciences
test_2813,Computer Sciences
test_2814,Gaming
test_2815,Gaming
test_2816,History
test_2817,Natural Sciences
test_2818,Natural Sciences
test_2819,Gaming
test_2820,Natural Sciences
test_2821,Pop Culture
test_2822,Sports
test_2823,Sports
test_2824,Pop Culture
test_2825,Natural Sciences
test_2826,Pop Culture
test_2827,Natural Sciences
test_2828,Natural Sciences
test_2829,Gaming
test_2830,Natural Sciences
test_2831,Pop Culture
test_2832,Sports
test_2833,Sports
test_2834,Sports
test_2835,Geography
test_2836,Pop Culture
test_2837,Sports
test_2838,Gaming
test_2839,Geography
test_2840,Pop Culture
test_2841,Sports
test_2842,Gaming
test_2843,Computer Sciences
test_2844,Geography
test_2845,Computer Sciences
test_2846,Computer Sciences
test_2847,Sports
test_2848,Natural Sciences
test_2849,Geography
test_2850,Sports
test_2851,Sports
test_2852,Pop Culture
test_2853,Sports
test_2854,Computer Sciences
test_2855,Gaming
test_2856,Pop Culture
test_2857,Geography
test_2858,Natural Sciences
test_2859,Natural Sciences
test_2860,Pop Culture
test_2861,Pop Culture
test_2862,Computer Sciences
test_2863,History
test_2864,Sports
test_2865,Sports
test_2866,Pop Culture
test_2867,Sports
test_2868,Geography
test_2869,Sports
test_2870,Sports
test_2871,Natural Sciences
test_2872,Sports
test_2873,Gaming
test_2874,Pop Culture
test_2875,Natural Sciences
test_2876,Natural Sciences
test_2877,Natural Sciences
test_2878,Computer Sciences
test_2879,Sports
test_2880,Gaming
test_2881,Geography
test_2882,Gaming
test_2883,Computer Sciences
test_2884,Natural Sciences
test_2885,History
test_2886,Gaming
test_2887,History
test_2888,Natural Sciences
test_2889,Sports
test_2890,Pop Culture
test_2891,Gaming
test_2892,Sports
test_2893,Sports
test_2894,History
test_2895,History
test_2896,Natural Sciences
test_2897,Computer Sciences
test_2898,Pop Culture
test_2899,Natural Sciences
test_2900,History
test_2901,Natural Sciences
test_2902,Gaming
test_2903,Geography
test_2904,Gaming
test_2905,Gaming
test_2906,Computer Sciences
test_2907,Sports
test_2908,Geography
test_2909,Gaming
test_2910,Gaming
test_2911,Computer Sciences
test_2912,Computer Sciences
test_2913,Natural Sciences
test_2914,Pop Culture
test_2915,Natural Sciences
test_2916,Sports
test_2917,Sports
test_2918,Geography
test_2919,Gaming
test_2920,Pop Culture
test_2921,Gaming
test_2922,Computer Sciences
test_2923,History
test_2924,Gaming
test_2925,Sports
test_2926,Computer Sciences
test_2927,Pop Culture
test_2928,History
test_2929,Computer Sciences
test_2930,Gaming
test_2931,Computer Sciences
test_2932,Computer Sciences
test_2933,History
test_2934,Gaming
test_2935,Geography
test_2936,Pop Culture
test_2937,Geography
test_2938,Natural Sciences
test_2939,Gaming
test_2940,Sports
test_2941,Sports
test_2942,Sports
test_2943,Gaming
test_2944,Natural Sciences
test_2945,Gaming
test_2946,Gaming
test_2947,History
test_2948,Pop Culture
test_2949,Natural Sciences
test_2950,Natural Sciences
test_2951,Sports
test_2952,Sports
test_2953,Geography
test_2954,Pop Culture
test_2955,Gaming
test_2956,Natural Sciences
test_2957,Geography
test_2958,Sports
test_2959,Gaming
test_2960,Gaming
test_2961,Geography
test_2962,Sports
test_2963,Computer Sciences
test_2964,Gaming
test_2965,Sports
test_2966,Gaming
test_2967,Pop Culture
test_2968,Pop Culture
test_2969,Gaming
test_2970,History
test_2971,History
test_2972,Computer Sciences
test_2973,Computer Sciences
test_2974,Sports
test_2975,Sports
test_2976,Gaming
test_2977,Sports
test_2978,Gaming
test_2979,Sports
test_2980,Geography
test_2981,Geography
test_2982,History
test_2983,Pop Culture
test_2984,Sports
test_2985,Natural Sciences
test_2986,Gaming
test_2987,Computer Sciences
test_2988,Geography
test_2989,Pop Culture
test_2990,History
test_2991,Gaming
test_2992,Computer Sciences
test_2993,Natural Sciences
test_2994,Pop Culture
test_2995,Geography
test_2996,Sports
test_2997,History
test_2998,History
test_2999,Sports
test_3000,Computer Sciences
test_3001,Geography
test_3002,Sports
test_3003,Sports
test_3004,Sports
test_3005,Natural Sciences
test_3006,Gaming
test_3007,History
test_3008,History
test_3009,Computer Sciences
test_3010,Gaming
test_3011,Sports
test_3012,History
test_3013,Sports
test_3014,History
test_3015,Natural Sciences
test_3016,Pop Culture
test_3017,Computer Sciences
test_3018,Sports
test_3019,Geography
test_3020,Natural Sciences
test_3021,Geography
test_3022,Sports
test_3023,Sports
test_3024,Computer Sciences
test_3025,Pop Culture
test_3026,Computer Sciences
test_3027,History
test_3028,Gaming
test_3029,Geography
test_3030,Pop Culture
test_3031,Natural Sciences
test_3032,Natural Sciences
test_3033,Gaming
test_3034,Natural Sciences
test_3035,Gaming
test_3036,Computer Sciences
test_3037,Sports
test_3038,Geography
test_3039,Computer Sciences
test_3040,Pop Culture
test_3041,Natural Sciences
test_3042,Sports
test_3043,Geography
test_3044,Sports
test_3045,Geography
test_3046,Sports
test_3047,Geography
test_3048,History
test_3049,Pop Culture
test_3050,Sports
test_3051,Sports
test_3052,Pop Culture
test_3053,Natural Sciences
test_3054,Sports
test_3055,Natural Sciences
test_3056,Pop Culture
test_3057,Sports
test_3058,Sports
test_3059,Computer Sciences
test_3060,Gaming
test_3061,Sports
test_3062,Geography
test_3063,Geography
test_3064,Gaming
test_3065,Gaming
test_3066,Pop Culture
test_3067,Gaming
test_3068,Computer Sciences
test_3069,Geography
test_3070,Computer Sciences
test_3071,Geography
test_3072,Sports
test_3073,Pop Culture
test_3074,Pop Culture
test_3075,Sports
test_3076,Gaming
test_3077,Computer Sciences
test_3078,Computer Sciences
test_3079,Pop Culture
test_3080,Geography
test_3081,Pop Culture
test_3082,History
test_3083,Pop Culture
test_3084,Sports
test_3085,Computer Sciences
test_3086,Pop Culture
test_3087,Pop Culture
test_3088,Pop Culture
test_3089,Computer Sciences
test_3090,Gaming
test_3091,Natural Sciences
test_3092,Natural Sciences
test_3093,Computer Sciences
test_3094,Pop Culture
test_3095,Gaming
test_3096,Natural Sciences
test_3097,Pop Culture
test_3098,Computer Sciences
test_3099,Computer Sciences
test_3100,Geography
test_3101,Natural Sciences
test_3102,Geography
test_3103,Computer Sciences
test_3104,Computer Sciences
test_3105,Natural Sciences
test_3106,Pop Culture
test_3107,Gaming
test_3108,Gaming
test_3109,Gaming
test_3110,Gaming
test_3111,Computer Sciences
test_3112,Pop Culture
test_3113,Pop Culture
test_3114,Geography
test_3115,Sports
test_3116,Sports
test_3117,Geography
test_3118,Computer Sciences
test_3119,Natural Sciences
test_3120,Sports
test_3121,Sports
test_3122,Computer Sciences
test_3123,Geography
test_3124,Gaming
test_3125,Computer Sciences
test_3126,Gaming
test_3127,Gaming
test_3128,Pop Culture
test_3129,Sports
test_3130,Pop Culture
test_3131,Pop Culture
test_3132,Gaming
test_3133,Gaming
test_3134,Gaming
test_3135,Natural Sciences
test_3136,Pop Culture
test_3137,Pop Culture
test_3138,Computer Sciences
test_3139,Pop Culture
test_3140,Geography
test_3141,Pop Culture
test_3142,Gaming
test_3143,Natural Sciences
test_3144,Pop Culture
test_3145,Geography
test_3146,Pop Culture
test_3147,History
test_3148,Pop Culture
test_3149,Sports
test_3150,Gaming
test_3151,History
test_3152,Geography
test_3153,Geography
test_3154,Natural Sciences
test_3155,Geography
test_3156,Gaming
test_3157,Geography
test_3158,Natural Sciences
test_3159,Natural Sciences
test_3160,Geography
test_3161,Computer Sciences
test_3162,Geography
test_3163,Gaming
test_3164,Geography
test_3165,Natural Sciences
test_3166,Computer Sciences
test_3167,Gaming
test_3168,Computer Sciences
test_3169,Natural Sciences
test_3170,History
test_3171,Natural Sciences
test_3172,Gaming
test_3173,Sports
test_3174,Pop Culture
test_3175,Natural Sciences
test_3176,Sports
test_3177,History
test_3178,Pop Culture
test_3179,Sports
test_3180,Geography
test_3181,Pop Culture
test_3182,Computer Sciences
test_3183,Gaming
test_3184,Computer Sciences
test_3185,Gaming
test_3186,Gaming
test_3187,Gaming
test_3188,Gaming
test_3189,Natural Sciences
test_3190,Sports
test_3191,Sports
test_3192,Gaming
test_3193,Gaming
test_3194,Computer Sciences
test_3195,History
test_3196,Sports
test_3197,Computer Sciences
test_3198,Pop Culture
test_3199,Gaming
test_3200,Gaming
test_3201,Gaming
test_3202,Natural Sciences
test_3203,Gaming
test_3204,Computer Sciences
test_3205,Computer Sciences
test_3206,Sports
test_3207,Computer Sciences
test_3208,Gaming
test_3209,Gaming
test_3210,Sports
test_3211,Natural Sciences
test_3212,Natural Sciences
test_3213,Gaming
test_3214,Sports
test_3215,Gaming
test_3216,Sports
test_3217,Natural Sciences
test_3218,Sports
test_3219,Computer Sciences
test_3220,Geography
test_3221,Gaming
test_3222,Computer Sciences
test_3223,Computer Sciences
test_3224,Pop Culture
test_3225,Gaming
test_3226,Geography
test_3227,Natural Sciences
test_3228,Computer Sciences
test_3229,History
test_3230,Gaming
test_3231,Gaming
test_3232,Sports
test_3233,Computer Sciences
test_3234,Pop Culture
test_3235,Geography
test_3236,Pop Culture
test_3237,Sports
test_3238,Gaming
test_3239,Gaming
test_3240,History
test_3241,Computer Sciences
test_3242,History
test_3243,Pop Culture
test_3244,Pop Culture
test_3245,Sports
test_3246,Computer Sciences
test_3247,Sports
test_3248,Sports
test_3249,Pop Culture
test_3250,Pop Culture
test_3251,Geography
test_3252,Geography
test_3253,Sports
test_3254,Natural Sciences
test_3255,Sports
test_3256,Gaming
test_3257,Gaming
test_3258,Geography
test_3259,Pop Culture
test_3260,Pop Culture
test_3261,Natural Sciences
test_3262,Sports
test_3263,Natural Sciences
test_3264,Pop Culture
test_3265,Computer Sciences
test_3266,Pop Culture
test_3267,Sports
test_3268,Sports
test_3269,Computer Sciences
test_3270,Sports
test_3271,Natural Sciences
test_3272,Computer Sciences
test_3273,Pop Culture
test_3274,Sports
test_3275,Pop Culture
test_3276,Sports
test_3277,Sports
test_3278,Computer Sciences
test_3279,Gaming
test_3280,Natural Sciences
test_3281,History
test_3282,Natural Sciences
test_3283,Computer Sciences
test_3284,Sports
test_3285,Pop Culture
test_3286,Sports
test_3287,Sports
test_3288,Natural Sciences
test_3289,Pop Culture
test_3290,Sports
test_3291,Computer Sciences
test_3292,Gaming
test_3293,Pop Culture
test_3294,Computer Sciences
test_3295,Sports
test_3296,Pop Culture
test_3297,Sports
test_3298,Computer Sciences
test_3299,Gaming
test_3300,Pop Culture
test_3301,Gaming
test_3302,Natural Sciences
test_3303,Gaming
test_3304,Gaming
test_3305,Computer Sciences
test_3306,Gaming
test_3307,Sports
test_3308,Gaming
test_3309,Computer Sciences
test_3310,Natural Sciences
test_3311,History
test_3312,Pop Culture
test_3313,Computer Sciences
test_3314,History
test_3315,Sports
test_3316,Pop Culture
test_3317,Natural Sciences
test_3318,Gaming
test_3319,Sports
test_3320,Sports
test_3321,Sports
test_3322,Gaming
test_3323,Geography
test_3324,Pop Culture
test_3325,Sports
test_3326,Computer Sciences
test_3327,Sports
test_3328,Geography
test_3329,Geography
test_3330,Computer Sciences
test_3331,Computer Sciences
test_3332,Natural Sciences
test_3333,Computer Sciences
test_3334,Geography
test_3335,Natural Sciences
test_3336,Sports
test_3337,Gaming
test_3338,Sports
test_3339,Gaming
test_3340,Natural Sciences
test_3341,Computer Sciences
test_3342,Computer Sciences
test_3343,Computer Sciences
test_3344,Sports
test_3345,Computer Sciences
test_3346,Sports
test_3347,Computer Sciences
test_3348,Gaming
test_3349,Geography
test_3350,Sports
test_3351,History
test_3352,Gaming
test_3353,Gaming
test_3354,Sports
test_3355,Computer Sciences
test_3356,Sports
test_3357,Natural Sciences
test_3358,Sports
test_3359,Computer Sciences
test_3360,Computer Sciences
test_3361,Computer Sciences
test_3362,Computer Sciences
test_3363,Natural Sciences
test_3364,Geography
test_3365,Pop Culture
test_3366,Geography
test_3367,Pop Culture
test_3368,Pop Culture
test_3369,Natural Sciences
test_3370,Sports
test_3371,Geography
test_3372,Pop Culture
test_3373,History
test_3374,Natural Sciences
test_3375,History
test_3376,Sports
test_3377,Sports
test_3378,Sports
test_3379,Computer Sciences
test_3380,Sports
test_3381,Computer Sciences
test_3382,Natural Sciences
test_3383,Gaming
test_3384,Pop Culture
test_3385,Sports
test_3386,Sports
test_3387,Geography
test_3388,Natural Sciences
test_3389,Computer Sciences
test_3390,Sports
test_3391,History
test_3392,History
test_3393,Sports
test_3394,Sports
test_3395,Pop Culture
test_3396,Gaming
test_3397,Natural Sciences
test_3398,Natural Sciences
test_3399,Gaming
test_3400,History
test_3401,Geography
test_3402,Pop Culture
test_3403,Natural Sciences
test_3404,Pop Culture
test_3405,Gaming
test_3406,Geography
test_3407,Geography
test_3408,Natural Sciences
test_3409,Sports
test_3410,Geography
test_3411,Natural Sciences
test_3412,Sports
test_3413,Pop Culture
test_3414,Gaming
test_3415,Natural Sciences
test_3416,Computer Sciences
test_3417,Geography
test_3418,Sports
test_3419,Sports
test_3420,Computer Sciences
test_3421,Gaming
test_3422,Computer Sciences
test_3423,Gaming
test_3424,Sports
test_3425,Sports
test_3426,Sports
test_3427,Gaming
test_3428,Geography
test_3429,Geography
test_3430,Gaming
test_3431,Computer Sciences
test_3432,Geography
test_3433,Computer Sciences
test_3434,Pop Culture
test_3435,Computer Sciences
test_3436,Pop Culture
test_3437,Pop Culture
test_3438,Computer Sciences
test_3439,Pop Culture
test_3440,Geography
test_3441,Pop Culture
test_3442,Computer Sciences
test_3443,Natural Sciences
test_3444,Geography
test_3445,Geography
test_3446,Computer Sciences
test_3447,Pop Culture
test_3448,Computer Sciences
test_3449,Natural Sciences
test_3450,Natural Sciences
test_3451,Pop Culture
test_3452,Gaming
test_3453,Pop Culture
test_3454,Gaming
test_3455,Computer Sciences
test_3456,Geography
test_3457,Pop Culture
test_3458,Natural Sciences
test_3459,Computer Sciences
test_3460,Natural Sciences
test_3461,Gaming
test_3462,Geography
test_3463,Pop Culture
test_3464,Gaming
test_3465,Natural Sciences
test_3466,Gaming
test_3467,Sports
test_3468,Gaming
test_3469,Pop Culture
test_3470,Natural Sciences
test_3471,Pop Culture
test_3472,Gaming
test_3473,Gaming
test_3474,History
test_3475,Sports
test_3476,Natural Sciences
test_3477,Sports
test_3478,Sports
test_3479,Computer Sciences
test_3480,Sports
test_3481,Pop Culture
test_3482,Pop Culture
test_3483,Sports
test_3484,Sports
test_3485,Sports
test_3486,Pop Culture
test_3487,Gaming
test_3488,History
test_3489,Gaming
test_3490,Geography
test_3491,Sports
test_3492,Sports
test_3493,Gaming
test_3494,Computer Sciences
test_3495,Gaming
test_3496,Sports
test_3497,Pop Culture
test_3498,Natural Sciences
test_3499,Pop Culture
test_3500,Computer Sciences
test_3501,Natural Sciences
test_3502,Computer Sciences
test_3503,Gaming
test_3504,Geography
test_3505,Gaming
test_3506,Gaming
test_3507,Sports
test_3508,Sports
test_3509,Geography
test_3510,Computer Sciences
test_3511,Sports
test_3512,Gaming
test_3513,Pop Culture
test_3514,History
test_3515,Sports
test_3516,Sports
test_3517,Pop Culture
test_3518,Natural Sciences
test_3519,Sports
test_3520,Sports
test_3521,Computer Sciences
test_3522,Geography
test_3523,Computer Sciences
test_3524,Computer Sciences
test_3525,Gaming
test_3526,Sports
test_3527,Geography
test_3528,Sports
test_3529,Sports
test_3530,Sports
test_3531,Computer Sciences
test_3532,Pop Culture
test_3533,Natural Sciences
test_3534,Natural Sciences
test_3535,Pop Culture
test_3536,Natural Sciences
test_3537,Geography
test_3538,History
test_3539,Gaming
test_3540,Geography
test_3541,Pop Culture
test_3542,Gaming
test_3543,Sports
test_3544,Geography
test_3545,Gaming
test_3546,Natural Sciences
test_3547,Computer Sciences
test_3548,Gaming
test_3549,Natural Sciences
test_3550,Natural Sciences
test_3551,Geography
test_3552,Pop Culture
test_3553,Computer Sciences
test_3554,Geography
test_3555,History
test_3556,Gaming
test_3557,Sports
test_3558,History
test_3559,History
test_3560,Sports
test_3561,Sports
test_3562,Gaming
test_3563,Gaming
test_3564,Natural Sciences
test_3565,Gaming
test_3566,Natural Sciences
test_3567,Gaming
test_3568,Sports
test_3569,Gaming
test_3570,Gaming
test_3571,Natural Sciences
test_3572,Geography
test_3573,Natural Sciences
test_3574,Pop Culture
test_3575,Pop Culture
test_3576,Computer Sciences
test_3577,Gaming
test_3578,History
test_3579,Natural Sciences
test_3580,Pop Culture
test_3581,Sports
test_3582,Pop Culture
test_3583,Computer Sciences
test_3584,Gaming
test_3585,History
test_3586,Computer Sciences
test_3587,Computer Sciences
test_3588,History
test_3589,Natural Sciences
test_3590,History
test_3591,Sports
test_3592,Pop Culture
test_3593,Natural Sciences
test_3594,Natural Sciences
test_3595,Gaming
test_3596,Sports
test_3597,Gaming
test_3598,Computer Sciences
test_3599,Geography
test_3600,Computer Sciences
test_3601,Natural Sciences
test_3602,Natural Sciences
test_3603,Pop Culture
test_3604,Geography
test_3605,Natural Sciences
test_3606,Pop Culture
test_3607,Sports
test_3608,History
test_3609,Sports
test_3610,Gaming
test_3611,Sports
test_3612,Natural Sciences
test_3613,Pop Culture
test_3614,Sports
test_3615,Computer Sciences
test_3616,Geography
test_3617,Sports
test_3618,Pop Culture
test_3619,Gaming
test_3620,Sports
test_3621,Sports
test_3622,Computer Sciences
test_3623,Pop Culture
test_3624,Computer Sciences
test_3625,Pop Culture
test_3626,Natural Sciences
test_3627,Sports
test_3628,Geography
test_3629,Geography
test_3630,History
test_3631,Pop Culture
test_3632,Pop Culture
test_3633,Pop Culture
test_3634,Sports
test_3635,Computer Sciences
test_3636,History
test_3637,Geography
test_3638,Gaming
test_3639,Geography
test_3640,History
test_3641,Gaming
test_3642,History
test_3643,Pop Culture
test_3644,Sports
test_3645,Gaming
test_3646,Computer Sciences
test_3647,Sports
test_3648,History
test_3649,Natural Sciences
test_3650,Sports
test_3651,History
test_3652,Sports
test_3653,Pop Culture
test_3654,Sports
test_3655,Gaming
test_3656,Natural Sciences
test_3657,Gaming
test_3658,Pop Culture
test_3659,Sports
test_3660,Gaming
test_3661,Computer Sciences
test_3662,Sports
test_3663,Computer Sciences
test_3664,Gaming
test_3665,Computer Sciences
test_3666,Natural Sciences
test_3667,Natural Sciences
test_3668,Pop Culture
test_3669,Sports
test_3670,Gaming
test_3671,Sports
test_3672,Gaming
test_3673,Sports
test_3674,Gaming
test_3675,Sports
test_3676,Natural Sciences
test_3677,Geography
test_3678,Pop Culture
test_3679,Sports
test_3680,Sports
test_3681,Natural Sciences
test_3682,Gaming
test_3683,Sports
test_3684,Natural Sciences
test_3685,Pop Culture
test_3686,Natural Sciences
test_3687,Natural Sciences
test_3688,Pop Culture
test_3689,Pop Culture
test_3690,Sports
test_3691,Sports
test_3692,Pop Culture
test_3693,Pop Culture
test_3694,Gaming
test_3695,Natural Sciences
test_3696,Natural Sciences
test_3697,Gaming
test_3698,Pop Culture
test_3699,Gaming
test_3700,Gaming
test_3701,Gaming
test_3702,Gaming
test_3703,Gaming
test_3704,Geography
test_3705,Pop Culture
test_3706,Sports
test_3707,Sports
test_3708,Sports
test_3709,Geography
test_3710,Natural Sciences
test_3711,History
test_3712,Pop Culture
test_3713,Pop Culture
test_3714,Natural Sciences
test_3715,Gaming
test_3716,Pop Culture
test_3717,Sports
test_3718,Computer Sciences
test_3719,Geography
test_3720,Natural Sciences
test_3721,Sports
test_3722,Sports
test_3723,Gaming
test_3724,Computer Sciences
test_3725,Sports
test_3726,Pop Culture
test_3727,Sports
test_3728,Pop Culture
test_3729,Pop Culture
test_3730,Geography
test_3731,Computer Sciences
test_3732,Natural Sciences
test_3733,Sports
test_3734,Sports
test_3735,Computer Sciences
test_3736,Gaming
test_3737,Computer Sciences
test_3738,Natural Sciences
test_3739,Pop Culture
test_3740,Sports
test_3741,History
test_3742,Geography
test_3743,Sports
test_3744,Gaming
test_3745,Natural Sciences
test_3746,Sports
test_3747,Geography
test_3748,Pop Culture
test_3749,Natural Sciences
test_3750,Pop Culture
test_3751,Pop Culture
test_3752,Gaming
test_3753,Gaming
test_3754,Sports
test_3755,Computer Sciences
test_3756,Gaming
test_3757,History
test_3758,History
test_3759,Natural Sciences
test_3760,Geography
test_3761,Sports
test_3762,Natural Sciences
test_3763,Natural Sciences
test_3764,Sports
test_3765,Sports
test_3766,Gaming
test_3767,Computer Sciences
test_3768,Natural Sciences
test_3769,Gaming
test_3770,Geography
test_3771,Natural Sciences
test_3772,History
test_3773,Computer Sciences
test_3774,Sports
test_3775,Sports
test_3776,Gaming
test_3777,Sports
test_3778,Pop Culture
test_3779,Pop Culture
test_3780,Computer Sciences
test_3781,Gaming
test_3782,Geography
test_3783,Pop Culture
test_3784,Geography
test_3785,Natural Sciences
test_3786,Natural Sciences
test_3787,Pop Culture
test_3788,Computer Sciences
test_3789,Geography
test_3790,Pop Culture
test_3791,Computer Sciences
test_3792,Sports
test_3793,Pop Culture
test_3794,Natural Sciences
test_3795,Geography
test_3796,Pop Culture
test_3797,Geography
test_3798,Sports
test_3799,Pop Culture
test_3800,Computer Sciences
test_3801,Computer Sciences
test_3802,Gaming
test_3803,Natural Sciences
test_3804,Pop Culture
test_3805,History
test_3806,Sports
test_3807,Sports
test_3808,Gaming
test_3809,Sports
test_3810,Sports
test_3811,Gaming
test_3812,Sports
test_3813,Gaming
test_3814,Pop Culture
test_3815,Geography
test_3816,Natural Sciences
test_3817,Pop Culture
test_3818,Geography
test_3819,Pop Culture
test_3820,Sports
test_3821,Computer Sciences
test_3822,History
test_3823,Gaming
test_3824,Gaming
test_3825,Natural Sciences
test_3826,Natural Sciences
test_3827,Pop Culture
test_3828,Geography
test_3829,History
test_3830,Sports
test_3831,Geography
test_3832,Geography
test_3833,Geography
test_3834,Pop Culture
test_3835,History
test_3836,Computer Sciences
test_3837,Pop Culture
test_3838,Natural Sciences
test_3839,Gaming
test_3840,Pop Culture
test_3841,Sports
test_3842,Gaming
test_3843,Geography
test_3844,Geography
test_3845,Sports
test_3846,Pop Culture
test_3847,Sports
test_3848,Sports
test_3849,Pop Culture
test_3850,Pop Culture
test_3851,Sports
test_3852,Sports
test_3853,Computer Sciences
test_3854,Natural Sciences
test_3855,Pop Culture
test_3856,Computer Sciences
test_3857,Sports
test_3858,Pop Culture
test_3859,Pop Culture
test_3860,History
test_3861,Geography
test_3862,Geography
test_3863,Gaming
test_3864,History
test_3865,Sports
test_3866,Pop Culture
test_3867,Pop Culture
test_3868,History
test_3869,Geography
test_3870,Geography
test_3871,Sports
test_3872,Gaming
test_3873,Geography
test_3874,Computer Sciences
test_3875,Computer Sciences
test_3876,Natural Sciences
test_3877,Pop Culture
test_3878,Gaming
test_3879,Natural Sciences
test_3880,Sports
test_3881,Computer Sciences
test_3882,Geography
test_3883,Natural Sciences
test_3884,Geography
test_3885,Sports
test_3886,Gaming
test_3887,Computer Sciences
test_3888,Pop Culture
test_3889,Geography
test_3890,Natural Sciences
test_3891,Computer Sciences
test_3892,Pop Culture
test_3893,Gaming
test_3894,Computer Sciences
test_3895,Gaming
test_3896,Pop Culture
test_3897,Sports
test_3898,Computer Sciences
test_3899,Geography
test_3900,Geography
test_3901,Gaming
test_3902,Pop Culture
test_3903,Pop Culture
test_3904,Sports
test_3905,Natural Sciences
test_3906,Computer Sciences
test_3907,Gaming
test_3908,Sports
test_3909,Natural Sciences
test_3910,Computer Sciences
test_3911,Geography
test_3912,Natural Sciences
test_3913,Gaming
test_3914,Gaming
test_3915,Sports
test_3916,Geography
test_3917,Sports
test_3918,Geography
test_3919,Sports
test_3920,Geography
test_3921,Gaming
test_3922,Sports
test_3923,History
test_3924,Sports
test_3925,Gaming
test_3926,History
test_3927,Gaming
test_3928,Sports
test_3929,Geography
test_3930,Computer Sciences
test_3931,Sports
test_3932,Natural Sciences
test_3933,Sports
test_3934,Gaming
test_3935,Gaming
test_3936,Gaming
test_3937,Gaming
test_3938,Natural Sciences
test_3939,Pop Culture
test_3940,Sports
test_3941,Natural Sciences
test_3942,Sports
test_3943,Pop Culture
test_3944,Computer Sciences
test_3945,Geography
test_3946,Pop Culture
test_3947,Geography
test_3948,Pop Culture
test_3949,Sports
test_3950,Sports
test_3951,Gaming
test_3952,Gaming
test_3953,Sports
test_3954,Pop Culture
test_3955,Pop Culture
test_3956,Geography
test_3957,Pop Culture
test_3958,Computer Sciences
test_3959,Sports
test_3960,Natural Sciences
test_3961,Gaming
test_3962,Sports
test_3963,Pop Culture
test_3964,Gaming
test_3965,Natural Sciences
test_3966,Geography
test_3967,Computer Sciences
test_3968,Gaming
test_3969,Sports
test_3970,Geography
test_3971,Sports
test_3972,Sports
test_3973,Gaming
test_3974,Geography
test_3975,Sports
test_3976,Pop Culture
test_3977,Gaming
test_3978,Gaming
test_3979,Natural Sciences
test_3980,Geography
test_3981,Geography
test_3982,Natural Sciences
test_3983,Gaming
test_3984,Geography
test_3985,Geography
test_3986,Pop Culture
test_3987,Sports
test_3988,Sports
test_3989,Geography
test_3990,History
test_3991,Sports
test_3992,Sports
test_3993,Natural Sciences
test_3994,Pop Culture
test_3995,Geography
test_3996,Sports
test_3997,Geography
test_3998,Geography
test_3999,Gaming
test_4000,Pop Culture
test_4001,Sports
test_4002,Geography
test_4003,Pop Culture
test_4004,Sports
test_4005,Gaming
test_4006,History
test_4007,Sports
test_4008,Sports
test_4009,Computer Sciences
test_4010,Computer Sciences
test_4011,Sports
test_4012,Pop Culture
test_4013,Sports
test_4014,Pop Culture
test_4015,Computer Sciences
test_4016,Computer Sciences
test_4017,Natural Sciences
test_4018,Natural Sciences
test_4019,Computer Sciences
test_4020,Natural Sciences
